-- drop tables
DROP TABLE IF EXISTS payments;
DROP TABLE IF EXISTS invoices;
DROP TABLE IF EXISTS details;
DROP TABLE IF EXISTS orders;
DROP TABLE IF EXISTS products;
DROP TABLE IF EXISTS customers;

-- df: null=0

CREATE TABLE Customers (  -- df: mult=1
    custid   INTEGER PRIMARY KEY,
    cname    VARCHAR(14), -- df: word=names.txt sub=power rate=0.016
    country  CHAR(3)      -- df: word=:GBR,USA,ITA,CHN,JPN
);

CREATE TABLE Products (   -- df: size=1000
    pcode    INTEGER PRIMARY KEY,
    pname    VARCHAR(10),
    pdesc    VARCHAR(20),
    ptype    VARCHAR(20),  -- df: word=:MUSIC,BOOK,MOVIE
    price    NUMERIC(6,2), -- df: float=gauss alpha=10 beta=3
    CHECK ( price > 0 )
);

CREATE TABLE Orders (     -- df: mult=20
    ordid    INTEGER PRIMARY KEY,
    odate    DATE,        -- df: start=2015-01-01 end=2016-09-30
    ocust    INTEGER NOT NULL REFERENCES Customers -- df: null=0
);

CREATE TABLE Details (    -- df: mult=40
    ordid    INTEGER REFERENCES Orders,   -- df: null=0
    pcode    INTEGER REFERENCES Products, -- df: null=0
    qty      SMALLINT,    -- df: int size=3 sub=power alpha=10
    PRIMARY KEY (ordid, pcode)
);

CREATE TABLE Invoices (    -- df: nogen
    invid    SERIAL PRIMARY KEY,
    ordid    INTEGER NOT NULL UNIQUE REFERENCES Orders,
    amount   NUMERIC(8,2) CHECK ( amount > 0 ),
    issued   DATE,
    due      DATE,
    CHECK ( due >= issued )
);

CREATE TABLE Payments (    -- df: nogen
    payid    INTEGER PRIMARY KEY,
    tstamp   TIMESTAMP,
    amount   NUMERIC(8,2) CHECK ( amount > 0 ),
    invid    INTEGER NOT NULL REFERENCES Invoices
);

--
-- PostgreSQL database dump
--

--
-- Data for Name: customers; Type: TABLE DATA; Schema: public; Owner: ter
--

COPY customers (custid, cname, country) FROM stdin;
1	Estela	CHN
2	Mary	CHN
3	Michael	JPN
4	Donald	ITA
5	Phyllis	ITA
6	Jillian	JPN
7	Risa	JPN
8	Kimiko	JPN
9	Alma	ITA
10	Tomas	GBR
11	Edith	USA
12	Charleen	ITA
13	Domingo	ITA
14	Jacquelyn	CHN
15	Mike	GBR
16	Cora	CHN
17	Leonardo	CHN
18	Temeka	CHN
19	Klara	ITA
20	Mervin	ITA
21	Dee	CHN
22	Ardith	CHN
23	Vicente	GBR
24	Shirlee	CHN
25	Robert	JPN
26	Kaley	CHN
27	Gwenda	GBR
28	Erline	JPN
29	Bianca	GBR
30	Shawnda	GBR
31	Ross	JPN
32	Shay	GBR
33	Zola	GBR
34	Sanora	CHN
35	Wilber	ITA
36	Colin	USA
37	Kathryn	CHN
38	Shirley	GBR
39	Robert	JPN
40	Francisco	USA
41	Shamika	JPN
42	Terrance	USA
43	Loriann	GBR
44	Mildred	USA
45	Cathy	CHN
46	Shawanda	CHN
47	Ernestine	USA
48	Daniel	JPN
49	Nathaniel	CHN
50	Glenn	USA
51	Marin	GBR
52	James	ITA
53	Miriam	JPN
54	Glayds	ITA
55	Crystle	CHN
56	Charles	USA
57	Peggy	ITA
58	Tracie	CHN
59	Mikki	CHN
60	Renato	CHN
61	Jerome	ITA
62	Trevor	ITA
63	Kathy	ITA
64	Colin	JPN
65	Alpha	JPN
66	Alethia	USA
67	Vivian	ITA
68	Shandra	USA
69	Rea	USA
70	Robert	CHN
71	Lawrence	USA
72	Shaquana	GBR
73	Madge	JPN
74	Dona	USA
75	David	GBR
76	Lucinda	JPN
77	Marcos	ITA
78	Preston	CHN
79	Arlie	CHN
80	Lynn	JPN
81	Wilmer	ITA
82	Lisa	GBR
83	Lucas	ITA
84	Collen	JPN
85	William	JPN
86	Mckenzie	ITA
87	Vivan	ITA
88	Robena	GBR
89	Jamey	ITA
90	Heather	USA
91	Staci	ITA
92	Hedwig	ITA
93	Dinah	ITA
94	Karren	CHN
95	Lovetta	JPN
96	Marquis	USA
97	Kitty	USA
98	Rosalyn	USA
99	Dede	JPN
100	Sharmaine	JPN
101	Jack	CAN
102	Mateusz	POL
\.


--
-- Data for Name: orders; Type: TABLE DATA; Schema: public; Owner: ter
--

COPY orders (ordid, odate, ocust) FROM stdin;
1	2015-08-22	53
2	2016-08-31	57
3	2016-08-25	18
4	2016-02-13	36
5	2015-09-18	56
6	2015-03-11	21
7	2016-03-21	31
8	2016-06-27	69
9	2015-10-21	81
10	2015-04-24	89
11	2015-04-06	94
12	2015-07-16	42
13	2015-07-30	22
14	2016-08-31	41
15	2015-03-01	47
16	2015-05-22	89
17	2015-08-29	46
18	2015-11-30	95
19	2015-07-20	94
20	2015-11-13	57
21	2016-05-17	67
22	2015-02-19	13
23	2016-04-15	22
24	2015-06-27	8
25	2016-04-27	77
26	2015-08-06	19
27	2016-06-12	34
28	2015-01-24	25
29	2015-12-08	64
30	2015-05-24	16
31	2016-05-03	87
32	2016-08-17	45
33	2015-03-03	75
34	2016-02-29	29
35	2015-03-04	15
36	2016-02-03	20
37	2016-01-20	28
38	2016-09-24	44
39	2015-02-10	17
40	2016-01-11	49
41	2015-07-01	39
42	2015-02-01	37
43	2016-02-24	16
44	2016-06-11	73
45	2015-09-13	80
46	2016-05-18	78
47	2016-07-04	71
48	2015-09-24	91
49	2016-02-13	23
50	2016-08-12	9
51	2016-04-14	82
52	2015-05-07	96
53	2016-01-28	8
54	2015-02-05	76
55	2016-09-22	100
56	2015-01-22	94
57	2016-05-30	32
58	2015-01-16	33
59	2015-06-17	42
60	2016-09-30	25
61	2015-05-23	89
62	2016-07-02	7
63	2015-09-06	74
64	2015-01-20	63
65	2015-01-21	22
66	2015-09-12	44
67	2015-01-11	74
68	2016-02-04	20
69	2015-12-20	32
70	2016-07-27	1
71	2016-06-10	67
72	2015-02-08	20
73	2016-02-28	43
74	2016-08-19	73
75	2015-02-05	48
76	2016-02-20	13
77	2015-11-13	65
78	2015-01-10	3
79	2016-05-04	64
80	2015-10-24	33
81	2016-08-10	74
82	2016-05-23	83
83	2016-08-24	12
84	2016-06-11	51
85	2016-05-20	5
86	2015-08-29	96
87	2016-05-25	27
88	2015-12-16	1
89	2015-06-06	4
90	2016-07-21	99
91	2015-01-15	22
92	2016-03-09	51
93	2015-08-14	90
94	2015-10-18	74
95	2016-01-14	23
96	2016-02-25	59
97	2016-04-23	100
98	2016-08-31	15
99	2015-04-08	35
100	2016-04-27	69
101	2015-03-30	88
102	2015-03-18	90
103	2016-02-07	32
104	2016-09-30	9
105	2016-05-29	85
106	2015-04-16	54
107	2016-09-15	45
108	2016-01-02	42
109	2016-08-10	87
110	2015-06-01	26
111	2015-11-16	11
112	2015-12-03	50
113	2016-05-03	89
114	2016-06-13	79
115	2015-01-16	1
116	2015-07-19	57
117	2015-11-13	67
118	2016-04-06	27
119	2015-03-01	31
120	2015-07-22	17
121	2015-05-22	16
122	2015-04-13	97
123	2016-09-20	85
124	2015-11-21	16
125	2015-06-25	87
126	2015-03-27	46
127	2016-05-22	85
128	2016-04-17	78
129	2015-09-08	36
130	2015-10-08	76
131	2015-06-04	61
132	2015-11-21	53
133	2016-05-22	8
134	2015-10-22	35
135	2015-08-05	2
136	2015-04-04	13
137	2015-09-18	52
138	2015-12-21	44
139	2016-03-10	29
140	2016-06-01	59
141	2016-01-08	40
142	2016-05-04	48
143	2015-08-04	19
144	2016-04-14	10
145	2016-01-08	20
146	2016-04-22	22
147	2015-05-06	66
148	2016-07-03	33
149	2015-11-09	27
150	2016-06-13	43
151	2015-02-04	86
152	2015-06-12	36
153	2015-06-10	11
154	2015-02-22	58
155	2015-06-21	19
156	2015-06-17	51
157	2016-04-29	31
158	2015-08-14	41
159	2016-08-14	86
160	2016-09-14	88
161	2016-03-19	15
162	2016-02-08	33
163	2015-01-04	6
164	2015-03-29	20
165	2016-02-02	93
166	2015-05-20	60
167	2016-02-05	83
168	2015-01-29	1
169	2015-01-14	94
170	2015-07-11	51
171	2016-08-13	51
172	2016-08-14	37
173	2016-03-02	82
174	2015-01-03	36
175	2015-02-21	88
176	2015-11-29	25
177	2015-01-20	84
178	2016-04-03	58
179	2016-04-24	36
180	2016-09-20	29
181	2016-01-24	53
182	2015-04-04	5
183	2015-07-29	62
184	2015-05-31	28
185	2015-08-01	70
186	2015-01-04	16
187	2016-03-30	5
188	2015-07-18	90
189	2015-08-28	52
190	2015-08-08	52
191	2015-03-02	66
192	2015-04-01	24
193	2015-11-05	88
194	2015-10-01	79
195	2015-07-27	67
196	2015-09-07	11
197	2016-09-19	68
198	2015-06-19	82
199	2016-02-14	74
200	2016-04-03	66
201	2015-12-28	51
202	2016-02-18	94
203	2015-02-16	33
204	2015-07-03	40
205	2016-02-21	26
206	2015-10-05	46
207	2015-02-19	34
208	2015-04-26	88
209	2015-07-01	78
210	2015-09-22	96
211	2015-11-08	30
212	2015-08-18	1
213	2015-05-19	86
214	2016-01-12	86
215	2016-06-28	80
216	2015-02-26	12
217	2016-02-23	75
218	2015-07-12	37
219	2015-03-31	13
220	2016-09-15	85
221	2016-06-22	41
222	2016-02-02	72
223	2015-07-31	67
224	2015-09-07	40
225	2015-04-24	24
226	2015-09-05	56
227	2016-01-27	56
228	2016-05-19	58
229	2016-03-19	82
230	2015-11-12	28
231	2015-10-02	88
232	2016-07-12	84
233	2016-01-28	100
234	2015-06-19	40
235	2015-06-28	39
236	2015-05-31	43
237	2016-01-29	30
238	2016-06-01	67
239	2016-07-19	45
240	2015-04-02	85
241	2016-02-18	9
242	2015-10-16	51
243	2015-12-17	7
244	2016-01-09	16
245	2015-03-27	25
246	2016-04-26	17
247	2015-11-08	23
248	2015-01-24	69
249	2015-02-13	21
250	2015-05-13	78
251	2016-01-13	6
252	2015-02-10	64
253	2016-03-29	99
254	2016-07-08	80
255	2015-12-17	36
256	2015-10-31	46
257	2015-09-21	69
258	2015-10-20	32
259	2015-03-18	89
260	2015-12-11	73
261	2015-12-10	52
262	2015-11-26	92
263	2015-01-13	55
264	2016-01-21	95
265	2015-08-06	88
266	2015-05-21	41
267	2015-12-05	39
268	2015-09-26	64
269	2016-09-11	96
270	2016-03-12	80
271	2016-01-21	80
272	2015-12-16	30
273	2015-12-29	98
274	2015-03-13	12
275	2015-06-11	37
276	2016-08-09	61
277	2015-08-19	14
278	2015-08-14	78
279	2015-07-25	19
280	2015-02-07	88
281	2015-10-28	6
282	2015-01-24	13
283	2015-12-16	44
284	2015-02-17	2
285	2016-03-28	28
286	2016-06-26	52
287	2015-07-15	12
288	2015-05-06	41
289	2015-03-16	42
290	2016-08-13	90
291	2015-12-17	38
292	2016-02-20	15
293	2015-11-25	6
294	2015-10-21	8
295	2015-07-02	83
296	2015-09-18	83
297	2015-09-08	79
298	2016-02-12	23
299	2015-11-04	15
300	2015-09-14	3
301	2015-11-13	59
302	2015-12-12	23
303	2015-06-02	9
304	2016-08-03	61
305	2016-04-30	66
306	2015-08-06	25
307	2016-06-27	86
308	2016-03-22	59
309	2016-02-02	35
310	2016-06-02	2
311	2015-07-06	90
312	2016-01-22	41
313	2015-08-11	46
314	2015-07-07	39
315	2016-06-01	54
316	2015-05-05	26
317	2015-01-15	39
318	2016-05-14	89
319	2015-06-03	61
320	2015-05-31	90
321	2015-11-11	57
322	2015-05-30	81
323	2015-02-25	69
324	2016-07-12	88
325	2015-11-19	27
326	2016-09-15	34
327	2016-02-21	51
328	2015-01-10	21
329	2015-02-13	67
330	2015-08-09	51
331	2015-07-07	80
332	2015-04-30	46
333	2015-11-18	17
334	2015-07-29	21
335	2015-07-14	36
336	2016-05-03	17
337	2015-02-02	27
338	2015-06-05	68
339	2016-09-05	25
340	2016-05-14	40
341	2015-05-14	42
342	2016-03-20	78
343	2015-01-23	28
344	2016-06-07	62
345	2016-03-23	25
346	2015-04-29	70
347	2016-01-08	71
348	2015-05-05	81
349	2016-07-25	79
350	2015-05-07	23
351	2015-05-18	83
352	2016-04-19	24
353	2015-12-28	13
354	2015-02-18	8
355	2015-10-16	84
356	2015-06-25	44
357	2016-01-24	25
358	2016-01-03	45
359	2015-12-22	33
360	2015-08-26	30
361	2015-05-25	76
362	2016-08-06	68
363	2016-05-16	21
364	2015-05-19	88
365	2016-05-08	71
366	2016-06-29	85
367	2015-09-13	90
368	2015-03-12	51
369	2016-05-19	21
370	2016-04-13	97
371	2016-04-09	58
372	2016-09-15	85
373	2015-07-08	93
374	2016-05-16	24
375	2016-02-20	64
376	2016-03-11	75
377	2015-04-09	30
378	2016-08-11	98
379	2015-03-01	22
380	2016-08-07	84
381	2016-04-30	23
382	2015-06-14	75
383	2016-09-04	95
384	2016-05-29	78
385	2015-07-11	22
386	2016-02-23	5
387	2016-08-31	73
388	2015-01-21	65
389	2015-06-21	6
390	2016-01-02	28
391	2015-08-20	39
392	2015-04-06	89
393	2015-05-16	20
394	2015-10-04	61
395	2016-03-05	7
396	2016-09-22	15
397	2015-03-02	81
398	2016-04-15	26
399	2015-09-03	84
400	2015-04-19	45
401	2015-04-02	96
402	2015-01-05	16
403	2015-02-02	7
404	2015-04-22	14
405	2015-08-10	83
406	2015-03-02	40
407	2015-08-16	85
408	2015-08-21	54
409	2016-04-07	43
410	2016-05-25	88
411	2015-09-12	22
412	2015-03-21	27
413	2016-02-09	45
414	2015-10-09	56
415	2015-05-02	60
416	2016-05-30	2
417	2015-12-05	72
418	2015-03-24	9
419	2015-07-17	28
420	2015-05-16	100
421	2015-03-16	7
422	2015-03-27	51
423	2016-05-26	36
424	2016-08-20	60
425	2016-09-05	31
426	2015-01-01	49
427	2016-04-11	62
428	2015-01-07	84
429	2016-05-06	92
430	2015-08-25	37
431	2016-06-05	80
432	2016-05-04	55
433	2015-12-21	33
434	2015-08-04	60
435	2015-08-24	4
436	2015-11-28	61
437	2015-12-27	4
438	2015-06-30	94
439	2016-04-29	1
440	2015-03-07	26
441	2016-09-30	10
442	2016-08-03	69
443	2015-07-14	70
444	2015-06-13	11
445	2015-08-16	51
446	2016-03-17	47
447	2015-07-30	55
448	2016-08-01	28
449	2015-07-01	6
450	2016-09-25	97
451	2016-04-11	88
452	2016-09-10	36
453	2015-11-11	6
454	2015-07-18	53
455	2015-09-10	8
456	2015-02-23	26
457	2015-07-01	91
458	2016-05-03	91
459	2016-09-29	100
460	2016-06-10	29
461	2015-10-30	28
462	2016-02-23	33
463	2016-08-09	83
464	2015-09-08	81
465	2016-05-27	45
466	2016-06-20	85
467	2016-06-15	80
468	2015-10-03	32
469	2015-01-31	28
470	2016-09-16	66
471	2015-06-10	47
472	2016-08-20	34
473	2015-12-04	91
474	2016-02-02	60
475	2016-02-03	89
476	2016-01-01	67
477	2015-09-14	19
478	2016-08-04	74
479	2015-08-10	49
480	2015-04-06	50
481	2015-01-12	27
482	2016-07-21	68
483	2015-10-31	74
484	2015-11-09	34
485	2016-04-05	45
486	2015-09-04	26
487	2016-06-08	74
488	2016-06-05	31
489	2016-04-23	94
490	2016-01-27	41
491	2016-05-02	78
492	2016-08-20	91
493	2016-09-29	38
494	2016-05-20	1
495	2015-06-15	34
496	2015-05-29	13
497	2016-05-01	7
498	2016-03-19	64
499	2015-04-24	26
500	2015-07-28	14
501	2015-11-28	28
502	2016-03-10	24
503	2015-12-17	8
504	2016-09-07	90
505	2016-01-20	98
506	2015-04-07	79
507	2015-07-10	52
508	2015-11-06	43
509	2016-02-20	2
510	2016-07-03	27
511	2016-06-27	14
512	2016-01-26	62
513	2016-09-18	92
514	2016-05-09	13
515	2016-03-10	49
516	2016-08-16	59
517	2015-06-12	19
518	2015-11-01	82
519	2015-08-09	2
520	2015-09-17	21
521	2016-07-08	83
522	2015-12-21	72
523	2015-12-15	34
524	2016-09-16	64
525	2016-06-27	76
526	2016-03-19	17
527	2015-01-21	41
528	2015-07-05	49
529	2015-09-15	44
530	2015-12-08	9
531	2015-02-08	42
532	2015-11-30	24
533	2015-09-17	78
534	2015-03-01	10
535	2016-05-27	94
536	2016-01-28	88
537	2015-01-18	93
538	2015-04-04	59
539	2016-03-02	36
540	2015-12-09	85
541	2015-08-08	83
542	2015-05-27	30
543	2016-03-22	5
544	2015-01-05	73
545	2016-09-05	42
546	2015-01-26	37
547	2015-02-18	1
548	2016-03-18	78
549	2015-08-23	84
550	2015-01-25	68
551	2016-08-01	42
552	2016-03-16	97
553	2016-03-28	75
554	2015-06-21	42
555	2016-04-04	51
556	2016-02-04	25
557	2015-03-02	13
558	2016-06-26	40
559	2015-07-22	76
560	2015-08-03	68
561	2016-02-18	47
562	2015-08-01	14
563	2015-12-16	39
564	2015-07-20	12
565	2016-02-10	61
566	2016-03-23	83
567	2015-02-14	91
568	2016-01-30	43
569	2016-09-16	30
570	2015-08-10	23
571	2015-05-29	40
572	2015-05-06	18
573	2015-04-26	96
574	2016-02-21	91
575	2016-04-09	50
576	2015-09-04	49
577	2015-01-18	49
578	2015-09-23	55
579	2016-04-22	62
580	2016-07-19	6
581	2016-08-20	19
582	2016-08-17	20
583	2015-11-26	67
584	2015-12-30	35
585	2015-03-30	21
586	2015-06-08	12
587	2015-01-27	46
588	2015-10-12	79
589	2015-01-24	29
590	2016-07-18	25
591	2016-09-30	24
592	2015-04-11	98
593	2016-02-01	91
594	2015-04-01	72
595	2015-10-17	57
596	2015-01-08	67
597	2016-01-25	28
598	2015-04-04	7
599	2015-12-22	42
600	2016-09-15	35
601	2015-06-26	28
602	2016-02-09	91
603	2015-03-07	49
604	2015-04-04	59
605	2015-11-26	2
606	2016-08-10	77
607	2016-05-23	70
608	2016-04-30	41
609	2016-01-29	88
610	2015-11-14	46
611	2015-07-26	88
612	2016-07-12	95
613	2015-04-08	19
614	2015-07-15	25
615	2015-02-24	83
616	2015-07-30	41
617	2015-11-24	95
618	2015-06-18	51
619	2016-03-03	48
620	2015-12-12	46
621	2015-01-28	53
622	2016-08-10	60
623	2015-08-12	35
624	2015-05-04	25
625	2015-05-12	61
626	2015-06-11	22
627	2015-02-08	80
628	2015-11-01	39
629	2015-12-15	86
630	2016-04-11	9
631	2015-02-28	70
632	2016-05-21	84
633	2015-07-31	53
634	2016-03-24	34
635	2015-01-23	7
636	2016-09-13	3
637	2015-03-16	66
638	2015-11-22	69
639	2016-04-28	1
640	2015-07-15	14
641	2015-09-14	55
642	2015-06-17	61
643	2016-09-27	20
644	2015-01-31	43
645	2015-03-14	41
646	2016-02-11	6
647	2015-01-29	99
648	2016-07-08	29
649	2015-11-20	27
650	2015-06-28	86
651	2016-06-01	74
652	2015-03-14	56
653	2016-07-19	43
654	2015-11-25	87
655	2015-01-10	28
656	2015-06-28	67
657	2015-07-11	15
658	2015-07-30	74
659	2015-06-08	19
660	2015-03-27	12
661	2015-12-13	81
662	2015-04-09	36
663	2016-01-09	100
664	2016-07-22	31
665	2016-09-06	2
666	2015-12-12	52
667	2015-04-29	1
668	2015-10-01	80
669	2015-01-19	93
670	2015-05-03	97
671	2016-03-23	17
672	2016-09-16	97
673	2015-04-19	98
674	2016-04-30	96
675	2015-11-14	76
676	2015-11-09	69
677	2016-09-23	55
678	2016-09-01	12
679	2015-02-21	32
680	2015-12-05	3
681	2016-06-10	50
682	2016-09-19	83
683	2015-03-25	95
684	2015-11-07	62
685	2016-08-17	1
686	2015-09-02	6
687	2016-02-19	42
688	2015-02-24	96
689	2015-04-30	54
690	2015-06-18	88
691	2016-08-31	33
692	2015-02-07	30
693	2016-08-12	58
694	2016-09-21	69
695	2016-04-04	75
696	2016-03-18	24
697	2015-09-10	77
698	2015-06-03	15
699	2015-02-13	6
700	2015-01-22	49
701	2015-07-07	72
702	2016-08-15	75
703	2016-08-30	97
704	2016-03-20	57
705	2016-07-27	95
706	2015-08-19	29
707	2016-05-12	5
708	2016-02-16	47
709	2015-08-05	68
710	2015-11-11	46
711	2016-01-23	27
712	2015-05-23	94
713	2015-10-25	81
714	2015-03-20	29
715	2015-03-31	66
716	2015-07-08	37
717	2016-02-20	89
718	2015-07-23	91
719	2016-08-30	43
720	2016-06-07	76
721	2016-01-09	72
722	2015-05-15	20
723	2015-03-09	25
724	2015-01-03	58
725	2015-03-04	89
726	2016-09-09	52
727	2015-04-06	61
728	2016-06-30	78
729	2015-04-30	100
730	2015-11-27	53
731	2016-05-29	64
732	2015-11-22	20
733	2016-07-06	88
734	2015-04-09	80
735	2016-08-12	5
736	2015-11-19	77
737	2016-07-10	83
738	2016-09-06	86
739	2016-02-08	6
740	2015-09-14	53
741	2015-12-02	41
742	2016-05-20	62
743	2015-02-09	88
744	2016-04-20	15
745	2015-12-08	43
746	2015-07-04	69
747	2015-10-06	78
748	2015-07-27	71
749	2015-04-17	73
750	2016-02-26	4
751	2016-01-31	40
752	2015-12-16	17
753	2015-06-12	60
754	2015-08-13	61
755	2016-08-17	99
756	2016-04-24	43
757	2016-09-20	3
758	2016-02-18	33
759	2016-05-12	36
760	2015-11-06	39
761	2015-01-29	53
762	2016-04-18	52
763	2016-07-04	83
764	2015-04-02	39
765	2015-04-15	65
766	2016-07-26	19
767	2016-02-25	39
768	2015-10-19	96
769	2015-08-21	87
770	2015-07-11	87
771	2015-02-12	100
772	2016-09-08	74
773	2015-03-01	91
774	2016-05-20	73
775	2016-02-25	1
776	2015-10-30	77
777	2015-11-02	99
778	2016-09-21	23
779	2016-07-28	51
780	2016-09-23	51
781	2016-06-12	82
782	2015-07-19	37
783	2015-01-13	21
784	2016-03-02	8
785	2016-03-14	91
786	2016-01-13	87
787	2015-01-05	10
788	2016-04-16	33
789	2015-06-27	68
790	2015-12-12	80
791	2015-02-22	61
792	2015-03-17	4
793	2015-10-09	98
794	2016-02-25	39
795	2016-04-03	86
796	2016-08-02	70
797	2015-09-25	64
798	2015-10-28	34
799	2015-10-03	48
800	2016-07-01	60
801	2015-01-10	23
802	2016-07-30	8
803	2015-09-24	57
804	2016-02-17	74
805	2016-01-09	32
806	2015-11-17	4
807	2015-06-30	21
808	2015-08-01	7
809	2016-03-05	14
810	2015-02-23	8
811	2015-12-19	49
812	2015-03-30	2
813	2015-07-11	27
814	2015-04-11	75
815	2015-08-14	50
816	2016-03-02	75
817	2015-10-31	74
818	2015-01-17	16
819	2016-05-29	74
820	2016-06-03	28
821	2015-11-16	75
822	2015-06-30	19
823	2015-06-26	79
824	2015-04-07	7
825	2015-12-17	39
826	2016-09-02	53
827	2016-04-29	7
828	2016-03-17	13
829	2015-09-07	96
830	2015-08-16	67
831	2015-01-31	4
832	2015-12-17	62
833	2015-02-20	80
834	2015-06-20	49
835	2016-09-14	35
836	2015-05-24	56
837	2015-05-05	54
838	2015-08-11	79
839	2016-06-23	51
840	2016-03-27	47
841	2015-12-20	83
842	2015-08-17	66
843	2015-12-22	82
844	2015-07-26	49
845	2016-05-18	26
846	2015-07-20	54
847	2016-09-19	20
848	2016-03-29	53
849	2016-02-20	62
850	2015-12-11	68
851	2015-03-18	75
852	2016-06-30	16
853	2016-09-27	88
854	2015-01-04	69
855	2015-08-20	10
856	2015-09-08	82
857	2016-09-25	64
858	2015-02-25	4
859	2016-06-02	5
860	2015-03-20	33
861	2015-03-26	71
862	2015-05-30	25
863	2015-03-25	6
864	2015-01-03	22
865	2015-09-02	19
866	2015-08-27	43
867	2015-06-06	64
868	2015-02-11	52
869	2015-11-05	75
870	2015-12-24	15
871	2015-06-04	52
872	2016-07-07	97
873	2015-08-22	43
874	2015-11-08	7
875	2016-05-26	2
876	2015-01-16	70
877	2015-08-06	86
878	2015-08-02	24
879	2016-07-01	78
880	2015-07-11	65
881	2016-01-13	15
882	2016-03-12	77
883	2015-06-29	26
884	2015-10-24	11
885	2015-10-14	75
886	2015-11-17	58
887	2016-06-07	5
888	2015-11-15	23
889	2015-04-27	53
890	2016-04-24	42
891	2015-07-25	74
892	2015-12-25	20
893	2016-03-19	79
894	2016-05-17	66
895	2016-05-28	38
896	2016-03-12	68
897	2015-06-07	34
898	2016-09-09	82
899	2015-03-16	60
900	2016-03-22	89
901	2015-06-13	70
902	2015-03-22	23
903	2015-01-21	100
904	2016-07-17	69
905	2016-05-08	59
906	2016-07-19	11
907	2016-07-02	61
908	2016-08-26	44
909	2015-06-04	80
910	2016-07-11	16
911	2015-05-18	45
912	2016-05-10	28
913	2016-09-13	89
914	2015-11-27	41
915	2016-07-17	60
916	2015-04-25	28
917	2016-01-26	7
918	2016-04-04	46
919	2015-01-04	11
920	2016-03-24	82
921	2016-01-29	34
922	2016-02-05	19
923	2015-12-31	32
924	2015-02-07	70
925	2015-05-16	84
926	2015-06-05	4
927	2015-09-30	42
928	2016-04-21	73
929	2016-06-22	25
930	2016-03-07	75
931	2015-03-06	87
932	2015-12-26	24
933	2016-05-05	19
934	2015-08-10	68
935	2016-05-23	15
936	2016-06-05	98
937	2015-04-01	47
938	2015-07-31	31
939	2016-08-30	77
940	2015-12-08	21
941	2016-05-17	46
942	2015-06-22	21
943	2016-09-16	48
944	2016-02-24	77
945	2015-11-25	91
946	2015-05-27	53
947	2015-02-24	29
948	2016-09-24	89
949	2016-01-03	80
950	2015-06-09	71
951	2015-04-16	36
952	2015-03-29	41
953	2015-07-30	4
954	2016-02-25	84
955	2016-07-29	70
956	2016-03-25	37
957	2015-03-28	40
958	2015-08-12	98
959	2015-11-28	65
960	2015-09-15	62
961	2015-06-30	59
962	2015-03-19	77
963	2015-05-19	68
964	2015-11-01	14
965	2016-05-11	77
966	2016-01-30	95
967	2015-01-04	71
968	2016-03-28	75
969	2016-01-29	84
970	2015-07-11	46
971	2016-09-21	1
972	2015-11-01	91
973	2016-01-05	89
974	2016-04-14	57
975	2015-11-21	99
976	2016-03-03	73
977	2015-05-24	93
978	2015-08-07	38
979	2016-06-16	98
980	2016-07-06	96
981	2015-04-29	25
982	2016-06-13	86
983	2016-02-20	9
984	2016-02-14	90
985	2016-02-12	35
986	2015-01-08	87
987	2015-04-25	97
988	2015-09-28	60
989	2016-07-20	53
990	2015-05-24	22
991	2015-11-12	21
992	2016-09-27	79
993	2015-02-08	37
994	2016-04-30	29
995	2015-07-07	8
996	2015-09-14	24
997	2016-03-30	46
998	2015-06-08	20
999	2015-06-18	81
1000	2015-04-23	80
1001	2015-07-13	84
1002	2016-05-07	41
1003	2016-02-05	3
1004	2015-09-21	38
1005	2015-09-15	85
1006	2015-04-14	54
1007	2015-06-18	37
1008	2015-08-30	84
1009	2016-04-10	89
1010	2016-09-15	74
1011	2015-12-05	45
1012	2015-08-09	95
1013	2016-04-13	2
1014	2016-01-04	42
1015	2015-12-24	24
1016	2016-09-21	55
1017	2016-04-19	56
1018	2016-04-05	86
1019	2016-07-04	70
1020	2015-10-25	73
1021	2015-11-23	19
1022	2015-09-14	54
1023	2015-06-08	65
1024	2015-03-17	75
1025	2016-05-26	13
1026	2015-01-22	95
1027	2016-08-13	76
1028	2016-05-16	84
1029	2015-02-28	76
1030	2016-06-25	9
1031	2015-06-30	95
1032	2016-04-06	43
1033	2015-08-30	48
1034	2016-03-13	28
1035	2015-09-09	36
1036	2016-09-11	97
1037	2016-01-14	8
1038	2016-05-30	91
1039	2015-05-08	32
1040	2016-06-29	59
1041	2015-11-26	32
1042	2016-05-24	51
1043	2016-06-03	21
1044	2015-09-21	87
1045	2016-04-02	83
1046	2016-06-18	39
1047	2015-07-27	46
1048	2016-02-07	43
1049	2015-06-20	54
1050	2016-04-03	19
1051	2015-04-25	43
1052	2016-05-11	38
1053	2016-03-20	38
1054	2016-06-02	62
1055	2016-08-13	86
1056	2015-09-21	34
1057	2015-11-16	57
1058	2015-05-20	55
1059	2016-02-06	68
1060	2015-07-20	7
1061	2015-04-16	92
1062	2016-06-23	57
1063	2015-08-22	93
1064	2016-02-09	15
1065	2016-07-23	89
1066	2016-05-30	1
1067	2015-06-09	38
1068	2016-03-28	23
1069	2016-05-24	13
1070	2016-09-08	99
1071	2015-06-19	15
1072	2015-01-16	78
1073	2015-05-16	98
1074	2016-01-20	52
1075	2015-11-09	16
1076	2016-07-23	89
1077	2016-08-29	68
1078	2015-01-08	2
1079	2015-05-15	5
1080	2016-08-10	10
1081	2015-02-05	89
1082	2015-02-19	73
1083	2016-02-02	38
1084	2015-04-01	36
1085	2015-09-10	67
1086	2015-07-09	85
1087	2015-06-15	70
1088	2016-08-05	97
1089	2016-09-14	43
1090	2016-01-02	69
1091	2016-01-04	64
1092	2015-09-25	12
1093	2016-09-20	24
1094	2016-04-12	31
1095	2015-08-24	79
1096	2015-07-13	45
1097	2016-04-21	24
1098	2015-01-02	65
1099	2015-04-16	63
1100	2016-02-24	2
1101	2015-07-23	44
1102	2015-05-11	30
1103	2015-11-10	82
1104	2015-02-11	76
1105	2016-04-03	13
1106	2015-12-22	59
1107	2016-06-16	37
1108	2016-09-15	7
1109	2015-12-08	29
1110	2015-05-24	12
1111	2016-07-26	39
1112	2015-12-09	39
1113	2015-03-17	13
1114	2016-06-02	57
1115	2015-03-01	22
1116	2015-06-19	31
1117	2016-07-17	73
1118	2015-10-15	38
1119	2015-11-12	100
1120	2016-05-29	70
1121	2015-07-06	21
1122	2015-12-19	66
1123	2015-09-02	100
1124	2015-11-05	74
1125	2015-08-26	52
1126	2016-09-14	53
1127	2015-12-17	43
1128	2016-02-28	48
1129	2015-09-21	57
1130	2016-09-11	56
1131	2016-05-28	73
1132	2015-06-01	44
1133	2016-06-02	7
1134	2015-02-25	25
1135	2015-02-13	65
1136	2015-09-17	16
1137	2015-04-01	81
1138	2015-05-20	13
1139	2015-12-11	45
1140	2016-03-14	38
1141	2016-01-04	9
1142	2015-11-30	35
1143	2016-08-15	16
1144	2015-09-06	69
1145	2016-07-29	66
1146	2015-12-07	18
1147	2015-02-04	30
1148	2016-02-01	80
1149	2016-06-19	64
1150	2015-11-13	93
1151	2015-02-16	49
1152	2015-08-25	67
1153	2015-12-22	81
1154	2016-05-28	92
1155	2015-02-07	3
1156	2016-07-18	75
1157	2015-10-04	4
1158	2016-03-12	72
1159	2016-09-28	59
1160	2016-03-05	37
1161	2015-05-04	70
1162	2015-09-12	55
1163	2016-04-07	70
1164	2015-10-18	75
1165	2015-10-12	60
1166	2015-11-08	75
1167	2015-05-15	76
1168	2016-07-25	71
1169	2016-04-17	66
1170	2015-06-11	36
1171	2015-11-17	49
1172	2015-08-13	3
1173	2016-08-04	37
1174	2015-06-28	15
1175	2015-05-26	14
1176	2016-07-01	4
1177	2015-11-09	69
1178	2016-01-10	54
1179	2015-10-24	81
1180	2016-05-05	26
1181	2016-09-27	93
1182	2016-04-08	2
1183	2016-02-10	88
1184	2015-02-22	52
1185	2016-01-03	78
1186	2015-09-09	98
1187	2016-08-14	58
1188	2016-06-25	86
1189	2015-07-10	34
1190	2016-05-23	66
1191	2015-12-28	27
1192	2015-02-20	5
1193	2015-05-30	30
1194	2015-04-03	64
1195	2015-04-18	64
1196	2015-10-05	27
1197	2015-08-29	3
1198	2015-02-07	23
1199	2015-03-11	16
1200	2015-05-25	71
1201	2015-09-05	71
1202	2016-04-14	44
1203	2015-09-17	4
1204	2016-02-17	87
1205	2015-04-18	23
1206	2016-07-31	97
1207	2015-06-26	73
1208	2015-09-29	61
1209	2015-03-08	11
1210	2016-06-26	57
1211	2016-06-08	84
1212	2016-04-04	45
1213	2015-12-06	61
1214	2015-07-14	41
1215	2015-08-26	49
1216	2016-06-22	4
1217	2015-01-29	21
1218	2015-05-23	56
1219	2016-02-02	39
1220	2016-08-10	73
1221	2016-06-26	20
1222	2016-08-14	81
1223	2016-04-27	67
1224	2015-12-11	74
1225	2015-01-07	64
1226	2016-01-09	30
1227	2015-10-17	66
1228	2016-09-03	89
1229	2016-01-29	45
1230	2015-11-24	45
1231	2015-02-09	92
1232	2015-04-12	68
1233	2015-12-27	83
1234	2015-07-12	85
1235	2015-10-08	75
1236	2015-08-29	43
1237	2015-09-23	65
1238	2015-06-11	100
1239	2016-07-09	81
1240	2016-03-09	92
1241	2016-05-26	36
1242	2015-06-16	94
1243	2015-06-11	53
1244	2015-01-27	27
1245	2015-02-13	21
1246	2016-01-18	95
1247	2015-04-27	75
1248	2016-01-14	64
1249	2016-06-30	18
1250	2015-11-25	44
1251	2016-08-25	31
1252	2015-01-28	85
1253	2015-12-15	35
1254	2015-02-15	51
1255	2015-05-24	35
1256	2016-07-18	43
1257	2015-05-09	3
1258	2015-03-13	38
1259	2015-01-21	69
1260	2016-01-31	60
1261	2015-09-13	58
1262	2016-07-22	41
1263	2015-05-22	95
1264	2016-08-31	89
1265	2015-05-08	77
1266	2015-01-23	9
1267	2015-07-03	100
1268	2015-07-28	27
1269	2015-01-09	52
1270	2016-09-12	55
1271	2016-04-26	98
1272	2016-06-03	79
1273	2016-01-15	12
1274	2016-06-01	25
1275	2015-11-28	48
1276	2016-01-26	14
1277	2015-05-25	62
1278	2015-03-13	93
1279	2015-05-21	80
1280	2016-08-26	18
1281	2015-06-01	65
1282	2016-07-26	38
1283	2015-08-10	60
1284	2016-04-27	56
1285	2016-03-20	63
1286	2015-11-21	73
1287	2015-12-15	20
1288	2016-08-24	92
1289	2015-02-20	91
1290	2016-04-14	38
1291	2016-05-01	100
1292	2015-09-20	3
1293	2015-11-02	21
1294	2015-05-25	89
1295	2016-07-29	42
1296	2016-04-29	11
1297	2015-03-05	31
1298	2015-06-22	62
1299	2015-12-24	9
1300	2015-11-01	66
1301	2015-03-01	64
1302	2015-05-27	100
1303	2016-01-20	96
1304	2016-02-10	54
1305	2015-04-11	26
1306	2015-04-24	21
1307	2016-05-21	7
1308	2015-05-10	33
1309	2015-02-16	44
1310	2015-11-21	98
1311	2016-04-17	64
1312	2015-07-12	56
1313	2015-11-18	36
1314	2015-01-09	52
1315	2015-12-31	94
1316	2015-02-28	97
1317	2015-12-23	24
1318	2015-02-19	81
1319	2015-12-02	99
1320	2016-07-13	89
1321	2016-01-26	89
1322	2015-07-11	78
1323	2015-12-20	53
1324	2016-07-19	90
1325	2016-01-15	10
1326	2015-04-08	34
1327	2016-02-02	17
1328	2015-05-05	33
1329	2016-09-01	87
1330	2016-07-16	50
1331	2016-09-05	71
1332	2016-02-02	70
1333	2015-11-22	43
1334	2015-03-04	20
1335	2015-06-18	2
1336	2015-06-05	28
1337	2016-07-16	89
1338	2015-05-09	82
1339	2015-05-24	15
1340	2015-01-17	57
1341	2016-01-10	51
1342	2015-12-13	81
1343	2016-01-29	73
1344	2016-01-21	89
1345	2016-06-17	88
1346	2016-06-13	56
1347	2015-02-06	100
1348	2015-12-31	53
1349	2015-10-10	47
1350	2016-08-13	44
1351	2015-07-11	1
1352	2015-03-15	74
1353	2015-08-20	11
1354	2015-08-10	44
1355	2015-04-16	29
1356	2016-01-16	92
1357	2016-01-11	100
1358	2016-04-20	45
1359	2016-08-24	71
1360	2016-06-18	53
1361	2015-02-09	60
1362	2015-12-19	66
1363	2015-01-05	28
1364	2016-04-15	50
1365	2015-02-02	8
1366	2015-04-24	77
1367	2016-08-12	77
1368	2016-02-03	98
1369	2015-08-10	63
1370	2015-03-28	37
1371	2016-02-14	50
1372	2016-04-11	49
1373	2016-02-04	96
1374	2015-11-10	53
1375	2016-07-17	94
1376	2015-06-26	90
1377	2015-03-02	48
1378	2015-03-06	40
1379	2016-01-29	75
1380	2016-08-31	52
1381	2016-08-25	27
1382	2016-06-08	46
1383	2015-04-12	39
1384	2016-01-10	21
1385	2015-01-18	91
1386	2016-05-06	63
1387	2015-05-14	11
1388	2015-02-19	82
1389	2016-09-28	13
1390	2015-03-01	87
1391	2016-02-02	17
1392	2016-03-31	49
1393	2015-08-05	84
1394	2015-11-15	90
1395	2016-04-18	57
1396	2015-09-28	85
1397	2016-03-21	76
1398	2015-08-13	8
1399	2015-12-06	50
1400	2015-01-14	90
1401	2015-02-27	46
1402	2016-06-14	97
1403	2016-04-09	13
1404	2015-06-30	80
1405	2016-01-27	35
1406	2016-06-06	47
1407	2015-08-25	88
1408	2015-06-04	74
1409	2016-08-09	76
1410	2015-01-23	45
1411	2015-05-13	16
1412	2015-06-12	59
1413	2015-11-26	61
1414	2015-03-05	17
1415	2016-08-17	69
1416	2015-09-17	85
1417	2015-09-02	72
1418	2016-07-15	25
1419	2016-04-21	87
1420	2015-01-12	54
1421	2015-12-01	5
1422	2015-02-24	67
1423	2016-05-22	53
1424	2015-04-13	58
1425	2015-07-14	29
1426	2015-10-21	80
1427	2015-10-03	71
1428	2016-04-14	69
1429	2015-10-28	69
1430	2016-09-10	90
1431	2016-05-30	79
1432	2015-02-27	14
1433	2015-02-26	16
1434	2015-07-16	47
1435	2016-02-07	14
1436	2015-10-01	90
1437	2016-09-10	26
1438	2015-09-17	95
1439	2016-01-17	68
1440	2015-04-16	98
1441	2015-02-16	3
1442	2015-01-03	52
1443	2015-03-04	69
1444	2016-06-03	69
1445	2015-12-26	66
1446	2015-07-22	27
1447	2015-02-25	22
1448	2016-04-22	54
1449	2016-09-13	83
1450	2015-01-23	37
1451	2015-11-18	33
1452	2015-11-07	88
1453	2015-06-08	95
1454	2016-09-16	32
1455	2016-08-27	4
1456	2015-12-02	54
1457	2016-03-12	17
1458	2015-08-06	9
1459	2015-11-07	80
1460	2016-07-12	30
1461	2016-01-28	75
1462	2015-06-13	34
1463	2015-04-04	21
1464	2015-09-18	70
1465	2016-03-13	75
1466	2016-03-15	20
1467	2016-02-16	46
1468	2015-09-04	98
1469	2016-04-16	39
1470	2015-07-26	4
1471	2016-06-06	11
1472	2016-04-30	51
1473	2015-09-10	76
1474	2016-05-20	76
1475	2015-10-31	6
1476	2015-04-10	13
1477	2016-03-22	38
1478	2015-08-31	48
1479	2015-12-10	61
1480	2015-03-18	19
1481	2016-08-27	50
1482	2016-06-17	24
1483	2016-02-23	46
1484	2015-12-07	68
1485	2015-03-21	3
1486	2015-08-06	11
1487	2016-08-07	20
1488	2015-04-18	49
1489	2016-08-08	3
1490	2016-07-16	59
1491	2016-01-29	97
1492	2016-08-16	30
1493	2016-03-26	3
1494	2016-04-29	93
1495	2016-04-01	46
1496	2016-06-14	41
1497	2016-08-11	67
1498	2015-03-20	38
1499	2016-04-24	53
1500	2016-03-15	40
1501	2015-12-23	21
1502	2016-03-29	32
1503	2015-08-21	66
1504	2015-07-02	2
1505	2016-08-27	88
1506	2016-09-27	42
1507	2015-10-24	83
1508	2016-03-26	74
1509	2015-08-07	96
1510	2016-08-22	41
1511	2015-11-27	8
1512	2015-01-26	65
1513	2015-07-09	20
1514	2016-01-24	91
1515	2015-02-11	33
1516	2015-04-16	63
1517	2015-05-29	3
1518	2015-02-05	78
1519	2015-05-27	19
1520	2016-09-15	34
1521	2015-08-16	79
1522	2016-07-06	39
1523	2015-08-22	94
1524	2016-04-19	87
1525	2015-12-15	31
1526	2015-10-03	41
1527	2015-09-24	91
1528	2016-03-23	16
1529	2015-01-29	72
1530	2015-05-17	37
1531	2015-10-09	69
1532	2015-08-13	71
1533	2016-06-16	90
1534	2015-11-09	93
1535	2016-01-01	63
1536	2015-01-15	52
1537	2015-12-26	27
1538	2015-11-18	59
1539	2016-01-06	10
1540	2016-09-16	65
1541	2016-07-14	64
1542	2015-02-11	11
1543	2015-09-11	62
1544	2015-03-09	63
1545	2015-08-19	77
1546	2016-01-24	17
1547	2016-03-05	28
1548	2015-04-10	92
1549	2016-02-03	46
1550	2016-05-03	95
1551	2015-11-30	83
1552	2016-05-07	33
1553	2015-11-28	38
1554	2015-03-26	71
1555	2016-06-09	22
1556	2016-08-20	94
1557	2016-09-04	69
1558	2016-04-20	49
1559	2016-02-21	49
1560	2016-05-14	54
1561	2015-03-15	2
1562	2015-08-11	78
1563	2016-04-12	90
1564	2015-05-04	61
1565	2016-04-16	56
1566	2015-02-22	74
1567	2016-03-07	66
1568	2015-04-18	44
1569	2015-12-10	80
1570	2016-04-28	71
1571	2016-06-09	81
1572	2015-10-17	30
1573	2015-12-04	56
1574	2016-03-18	7
1575	2016-03-07	18
1576	2015-08-26	96
1577	2015-09-29	74
1578	2016-09-21	88
1579	2015-06-24	34
1580	2015-02-24	59
1581	2016-04-04	84
1582	2016-09-29	64
1583	2015-06-05	16
1584	2015-02-04	54
1585	2016-02-14	100
1586	2016-04-22	92
1587	2015-12-27	1
1588	2016-04-16	89
1589	2016-01-03	33
1590	2015-07-25	19
1591	2015-12-25	81
1592	2015-01-15	12
1593	2015-03-01	55
1594	2016-07-13	28
1595	2015-03-30	47
1596	2015-10-17	84
1597	2015-08-10	37
1598	2015-01-24	14
1599	2015-08-06	88
1600	2016-02-12	18
1601	2015-09-16	1
1602	2015-06-26	50
1603	2015-01-31	22
1604	2015-03-25	59
1605	2015-07-24	5
1606	2016-09-12	61
1607	2016-01-05	26
1608	2015-12-30	52
1609	2015-10-01	89
1610	2015-11-06	96
1611	2015-11-21	31
1612	2016-03-14	26
1613	2015-03-31	45
1614	2015-10-26	29
1615	2015-08-09	90
1616	2016-03-16	6
1617	2016-01-23	25
1618	2016-08-10	21
1619	2016-09-11	90
1620	2015-02-20	62
1621	2015-11-25	49
1622	2016-01-21	16
1623	2015-06-26	5
1624	2016-06-20	53
1625	2015-01-28	92
1626	2015-02-03	70
1627	2015-02-22	55
1628	2015-04-02	84
1629	2015-12-08	9
1630	2015-10-14	64
1631	2016-08-31	24
1632	2015-01-13	56
1633	2016-02-08	86
1634	2015-06-30	89
1635	2015-03-01	36
1636	2015-05-12	97
1637	2016-05-08	68
1638	2015-04-08	65
1639	2015-09-19	83
1640	2015-01-28	37
1641	2015-08-19	93
1642	2015-06-23	84
1643	2015-09-11	65
1644	2016-08-27	86
1645	2016-05-18	81
1646	2016-08-15	69
1647	2015-04-06	49
1648	2015-06-21	21
1649	2015-09-10	11
1650	2015-12-25	14
1651	2016-01-02	60
1652	2015-10-16	43
1653	2015-04-14	21
1654	2015-07-03	82
1655	2015-02-15	53
1656	2016-09-15	84
1657	2016-02-19	76
1658	2015-06-20	100
1659	2015-01-01	2
1660	2015-01-04	57
1661	2016-01-15	57
1662	2015-01-24	15
1663	2015-04-09	31
1664	2015-03-26	92
1665	2015-07-12	61
1666	2015-04-29	89
1667	2016-01-18	36
1668	2016-09-20	86
1669	2016-02-11	3
1670	2015-05-24	47
1671	2016-09-13	38
1672	2015-08-20	14
1673	2015-06-29	62
1674	2016-04-05	49
1675	2015-11-27	92
1676	2016-08-13	77
1677	2016-09-22	17
1678	2015-08-13	60
1679	2015-12-27	59
1680	2015-10-12	50
1681	2016-06-14	73
1682	2015-11-05	63
1683	2015-09-05	16
1684	2015-12-18	74
1685	2015-09-04	66
1686	2015-07-07	2
1687	2015-05-15	54
1688	2015-07-17	71
1689	2016-07-21	11
1690	2015-06-01	2
1691	2015-06-15	94
1692	2016-02-06	59
1693	2015-07-17	94
1694	2015-06-20	69
1695	2016-06-21	73
1696	2015-08-15	48
1697	2015-06-16	93
1698	2016-04-01	40
1699	2015-07-13	41
1700	2015-09-27	97
1701	2016-06-28	90
1702	2015-01-05	32
1703	2015-04-03	20
1704	2016-04-10	24
1705	2015-12-01	31
1706	2015-09-14	46
1707	2016-02-03	30
1708	2015-05-04	79
1709	2015-04-02	87
1710	2016-03-07	69
1711	2015-02-03	2
1712	2016-06-01	97
1713	2015-10-05	41
1714	2015-12-01	100
1715	2016-07-10	15
1716	2016-04-16	56
1717	2016-03-16	40
1718	2015-08-06	5
1719	2015-07-31	81
1720	2016-03-22	41
1721	2015-02-09	3
1722	2015-06-18	16
1723	2016-06-23	38
1724	2015-10-30	7
1725	2016-06-16	59
1726	2015-11-05	8
1727	2015-05-30	24
1728	2016-02-16	4
1729	2015-03-04	33
1730	2015-06-18	13
1731	2015-06-27	93
1732	2015-10-10	46
1733	2016-06-12	23
1734	2016-02-21	50
1735	2016-07-18	62
1736	2015-10-29	15
1737	2015-03-22	84
1738	2016-04-10	11
1739	2016-04-26	83
1740	2015-05-05	50
1741	2016-05-13	95
1742	2016-07-06	85
1743	2016-01-03	85
1744	2016-07-02	53
1745	2016-07-04	11
1746	2016-05-17	74
1747	2015-04-09	6
1748	2015-08-28	32
1749	2015-11-15	7
1750	2016-05-12	12
1751	2016-09-11	67
1752	2016-06-07	28
1753	2016-03-15	50
1754	2015-01-17	78
1755	2016-06-08	30
1756	2015-10-30	58
1757	2016-07-30	77
1758	2015-07-15	52
1759	2016-05-03	51
1760	2016-09-05	9
1761	2015-08-31	84
1762	2016-09-25	38
1763	2016-02-25	45
1764	2015-08-31	42
1765	2015-10-25	44
1766	2015-12-11	49
1767	2016-07-11	66
1768	2015-01-05	53
1769	2015-03-04	13
1770	2015-10-25	48
1771	2015-08-20	43
1772	2016-09-28	17
1773	2015-01-04	8
1774	2015-10-04	15
1775	2015-04-04	95
1776	2015-01-15	66
1777	2016-05-21	33
1778	2015-01-08	93
1779	2016-04-10	56
1780	2015-07-29	69
1781	2015-07-27	25
1782	2015-02-22	49
1783	2015-05-30	33
1784	2015-08-10	24
1785	2015-09-26	69
1786	2015-01-06	94
1787	2015-04-23	99
1788	2015-01-10	94
1789	2016-04-10	74
1790	2015-08-03	47
1791	2016-04-21	38
1792	2015-08-08	81
1793	2016-07-04	17
1794	2016-06-02	43
1795	2016-06-06	10
1796	2016-06-14	78
1797	2016-04-11	49
1798	2015-04-02	51
1799	2016-09-20	47
1800	2015-11-25	79
1801	2016-07-24	26
1802	2015-04-06	82
1803	2016-02-06	39
1804	2015-06-15	12
1805	2015-10-07	87
1806	2016-01-25	8
1807	2016-07-03	88
1808	2016-01-21	28
1809	2016-06-05	10
1810	2016-02-06	89
1811	2015-09-03	71
1812	2016-04-07	62
1813	2015-09-12	47
1814	2015-05-09	27
1815	2015-12-27	64
1816	2015-10-26	96
1817	2015-10-03	20
1818	2016-04-29	50
1819	2016-01-16	40
1820	2015-12-31	67
1821	2015-08-01	14
1822	2015-06-25	65
1823	2015-02-26	74
1824	2016-09-22	100
1825	2016-05-17	63
1826	2015-09-04	41
1827	2015-02-11	16
1828	2015-08-09	14
1829	2016-06-17	4
1830	2015-10-28	47
1831	2016-05-11	40
1832	2015-08-19	100
1833	2016-02-16	61
1834	2015-07-12	38
1835	2015-01-05	28
1836	2016-04-11	90
1837	2015-05-01	88
1838	2015-10-02	41
1839	2016-05-06	67
1840	2015-02-15	74
1841	2016-01-14	69
1842	2016-02-08	92
1843	2015-03-30	49
1844	2016-07-04	77
1845	2016-03-17	28
1846	2016-09-23	77
1847	2015-12-15	86
1848	2015-03-17	52
1849	2015-06-24	58
1850	2016-05-27	21
1851	2016-07-08	1
1852	2016-04-18	90
1853	2016-09-14	43
1854	2016-05-09	30
1855	2016-06-27	80
1856	2015-04-25	21
1857	2015-08-17	16
1858	2015-03-14	89
1859	2016-02-25	56
1860	2015-01-04	12
1861	2016-06-26	46
1862	2015-01-20	27
1863	2016-01-02	63
1864	2016-03-23	39
1865	2016-08-08	27
1866	2015-06-11	70
1867	2015-10-14	61
1868	2016-05-22	11
1869	2015-03-27	97
1870	2015-07-08	77
1871	2015-07-26	92
1872	2016-08-24	21
1873	2016-07-19	89
1874	2015-03-01	80
1875	2015-10-26	16
1876	2015-11-06	26
1877	2016-09-07	86
1878	2015-06-05	4
1879	2015-07-02	13
1880	2016-01-14	12
1881	2015-07-06	24
1882	2015-09-12	40
1883	2016-07-05	4
1884	2016-05-30	73
1885	2016-09-09	48
1886	2015-02-10	9
1887	2016-03-06	86
1888	2015-01-01	38
1889	2016-03-25	74
1890	2015-04-07	63
1891	2015-11-20	2
1892	2015-02-14	37
1893	2015-11-10	34
1894	2015-10-01	25
1895	2016-05-27	64
1896	2015-06-18	16
1897	2015-09-14	39
1898	2015-05-12	17
1899	2016-07-25	97
1900	2016-01-20	47
1901	2016-07-07	90
1902	2016-01-17	47
1903	2016-08-29	6
1904	2015-02-07	36
1905	2015-07-03	47
1906	2016-08-25	12
1907	2015-08-06	44
1908	2015-07-27	51
1909	2016-06-20	30
1910	2015-04-15	91
1911	2016-01-01	38
1912	2015-04-27	96
1913	2016-08-11	32
1914	2015-03-03	5
1915	2016-01-10	4
1916	2015-02-19	57
1917	2016-06-16	45
1918	2016-02-25	53
1919	2015-03-06	23
1920	2015-07-27	80
1921	2015-04-18	9
1922	2015-02-01	49
1923	2015-04-15	46
1924	2016-04-22	8
1925	2015-08-22	8
1926	2015-05-05	42
1927	2016-07-14	24
1928	2015-02-02	31
1929	2015-11-08	13
1930	2016-06-09	9
1931	2016-07-09	44
1932	2015-07-20	65
1933	2015-10-10	3
1934	2016-05-26	35
1935	2015-02-14	34
1936	2015-08-19	48
1937	2015-03-05	75
1938	2015-03-07	97
1939	2015-07-06	24
1940	2015-06-13	22
1941	2016-07-10	42
1942	2016-08-02	64
1943	2015-04-18	14
1944	2016-02-20	28
1945	2016-04-09	1
1946	2015-05-19	11
1947	2015-01-28	32
1948	2015-05-09	2
1949	2016-06-20	96
1950	2015-03-20	57
1951	2016-08-20	68
1952	2015-05-03	96
1953	2015-09-11	37
1954	2016-08-01	86
1955	2016-05-21	87
1956	2016-02-26	35
1957	2016-03-10	18
1958	2015-06-28	73
1959	2015-01-22	10
1960	2016-03-07	45
1961	2016-04-18	57
1962	2015-10-01	93
1963	2015-04-28	33
1964	2016-07-09	32
1965	2016-09-13	33
1966	2015-07-04	87
1967	2015-10-11	48
1968	2016-05-16	67
1969	2016-09-02	71
1970	2015-06-14	58
1971	2015-12-23	49
1972	2016-07-24	62
1973	2016-07-21	80
1974	2016-09-18	51
1975	2015-06-17	22
1976	2015-09-09	78
1977	2015-06-03	81
1978	2015-09-29	99
1979	2015-01-19	68
1980	2015-11-01	61
1981	2016-03-08	22
1982	2015-06-07	66
1983	2015-07-23	91
1984	2015-01-14	21
1985	2016-06-15	74
1986	2015-11-14	55
1987	2015-09-24	9
1988	2015-04-12	57
1989	2016-06-30	25
1990	2015-11-02	32
1991	2016-04-23	26
1992	2016-05-16	1
1993	2016-07-09	96
1994	2015-11-03	14
1995	2015-12-27	86
1996	2015-10-09	45
1997	2016-07-31	85
1998	2015-10-17	72
1999	2015-11-10	14
2000	2016-04-05	66
2001	2016-03-26	102
2002	2016-03-26	102
\.


--
-- Data for Name: products; Type: TABLE DATA; Schema: public; Owner: ter
--

COPY products (pcode, pname, pdesc, ptype, price) FROM stdin;
6	pname_150_	pdesc_985_985_985_98	MUSIC	13.57
13	pname_4	pdesc_991_991_99	MUSIC	10.96
15	pname_625_	pdesc_665_665_66	MUSIC	0.57
16	pname_6	pdesc_918_918_9	MUSIC	13.34
18	pname_4	pdesc_977_977_977_	MUSIC	12.61
22	pname_193	pdesc_94_94_94_94_94	MUSIC	9.86
23	pname_547	pdesc_843_843_843_84	MUSIC	2.87
26	pname_402	pdesc_477_477_47	MUSIC	7.38
29	pname_15_	pdesc_544_544_544	MUSIC	10.39
30	pname_11	pdesc_940_940_9	MUSIC	13.76
38	pname_897_	pdesc_628_628_628	MUSIC	15.12
42	pname_8	pdesc_526_526_526_5	MUSIC	10.70
44	pname_5	pdesc_881_881_88	MUSIC	11.58
45	pname_42	pdesc_893_893_893_	MUSIC	9.91
46	pname_268	pdesc_957_957_957_95	MUSIC	9.62
47	pname_648	pdesc_974_974_9	MUSIC	9.94
49	pname_50	pdesc_238_238_2	MUSIC	8.68
54	pname_284	pdesc_718_718_718_7	MUSIC	8.19
55	pname_251_	pdesc_909_909_90	MUSIC	9.80
56	pname_64	pdesc_946_946_9	MUSIC	12.74
58	pname_46	pdesc_64_64_64_64	MUSIC	11.14
60	pname_49	pdesc_503_503_503_	MUSIC	16.80
61	pname_74	pdesc_659_659_659_65	MUSIC	6.16
67	pname_5	pdesc_780_780_7	MUSIC	10.45
75	pname_88	pdesc_696_696_696_6	MUSIC	10.81
76	pname_5	pdesc_136_136_136	MUSIC	7.41
77	pname_148_	pdesc_571_571_571_57	MUSIC	8.48
79	pname_8	pdesc_596_596_5	MUSIC	6.24
80	pname_5	pdesc_566_566_5	MUSIC	8.02
84	pname_39	pdesc_688_688_688	MUSIC	17.37
87	pname_14	pdesc_858_858_858_8	MUSIC	9.67
92	pname_32	pdesc_384_384_384	MUSIC	13.67
93	pname_279_	pdesc_679_679_679_	MUSIC	8.84
94	pname_38	pdesc_501_501_501_	MUSIC	11.27
100	pname_148_	pdesc_880_880_880_8	MUSIC	10.55
101	pname_64_6	pdesc_794_794_794	MUSIC	13.53
1	pname_537	pdesc_273_273_273_27	MOVIE	6.41
3	pname_7	pdesc_21_21_21_	MOVIE	9.72
4	pname_39	pdesc_927_927_927_92	MOVIE	3.79
7	pname_92	pdesc_871_871_871_87	MOVIE	8.54
8	pname_11	pdesc_557_557_55	MOVIE	11.38
9	pname_140_	pdesc_699_699_69	MOVIE	5.29
10	pname_6	pdesc_601_601_60	MOVIE	8.10
17	pname_18	pdesc_506_506_5	MOVIE	12.12
20	pname_382_	pdesc_942_942_9	MOVIE	8.85
28	pname_649_	pdesc_270_270_270	MOVIE	10.90
31	pname_4	pdesc_321_321_321_32	MOVIE	5.87
34	pname_7	pdesc_574_574_574	MOVIE	7.45
35	pname_66	pdesc_56_56_56_56_56	MOVIE	12.38
36	pname_8	pdesc_296_296_2	MOVIE	9.57
37	pname_746_	pdesc_135_135_135_13	MOVIE	9.56
40	pname_1	pdesc_439_439_439_43	MOVIE	6.25
51	pname_5	pdesc_456_456_4	MOVIE	11.70
63	pname_399	pdesc_929_929_929_92	MOVIE	9.31
64	pname_937	pdesc_95_95_95_95_	MOVIE	10.56
65	pname_9	pdesc_434_434_434	MOVIE	10.44
66	pname_9	pdesc_888_888_888_8	MOVIE	6.55
68	pname_385	pdesc_834_834_8	MOVIE	10.25
69	pname_43	pdesc_680_680_680	MOVIE	11.35
70	pname_732_	pdesc_724_724_7	MOVIE	9.55
72	pname_269_	pdesc_475_475_47	MOVIE	12.32
78	pname_7	pdesc_548_548_548	MOVIE	13.72
81	pname_332_	pdesc_649_649_649_	MOVIE	12.26
82	pname_83	pdesc_48_48_48_48	MOVIE	9.18
83	pname_1	pdesc_166_166_166	MOVIE	7.35
86	pname_8	pdesc_334_334_334_3	MOVIE	11.85
88	pname_7	pdesc_792_792_792	MOVIE	11.27
108	pname_43	pdesc_53_53_53_53_53	MUSIC	11.73
113	pname_9	pdesc_823_823_82	MUSIC	12.40
117	pname_356_	pdesc_142_142_142_1	MUSIC	2.34
119	pname_391	pdesc_604_604_604_6	MUSIC	10.68
120	pname_95	pdesc_483_483_483_	MUSIC	8.43
121	pname_4	pdesc_644_644_6	MUSIC	12.97
122	pname_702_	pdesc_995_995_99	MUSIC	6.87
125	pname_7	pdesc_386_386_386	MUSIC	12.98
126	pname_842	pdesc_304_304_304_3	MUSIC	8.33
127	pname_8	pdesc_182_182_1	MUSIC	8.17
137	pname_4	pdesc_630_630_630_6	MUSIC	7.81
143	pname_268	pdesc_560_560_5	MUSIC	13.41
144	pname_9	pdesc_31_31_31_31_31	MUSIC	11.49
146	pname_93	pdesc_404_404_404	MUSIC	3.88
151	pname_903	pdesc_163_163_163_16	MUSIC	7.01
158	pname_674	pdesc_829_829_82	MUSIC	17.64
160	pname_83	pdesc_599_599_599_	MUSIC	7.74
161	pname_544_	pdesc_307_307_30	MUSIC	9.01
164	pname_3	pdesc_466_466_466	MUSIC	11.33
165	pname_427_	pdesc_79_79_79_79_	MUSIC	10.22
166	pname_452	pdesc_122_122_1	MUSIC	14.69
170	pname_49	pdesc_448_448_448_4	MUSIC	12.59
176	pname_863_	pdesc_909_909_90	MUSIC	12.11
177	pname_86	pdesc_879_879_879_87	MUSIC	9.60
182	pname_988_	pdesc_935_935_93	MUSIC	9.20
186	pname_456	pdesc_534_534_5	MUSIC	9.89
187	pname_291_	pdesc_719_719_71	MUSIC	7.01
197	pname_143	pdesc_687_687_687_68	MUSIC	7.24
208	pname_87	pdesc_803_803_803_	MUSIC	10.77
211	pname_628	pdesc_797_797_797_79	MUSIC	15.21
212	pname_940_	pdesc_514_514_514	MUSIC	8.84
200	pname_3	pdesc_506_506_5	BOOK	12.63
107	pname_21	pdesc_837_837_837_	MOVIE	12.20
110	pname_23_2	pdesc_158_158_1	MOVIE	4.44
112	pname_20	pdesc_922_922_922	MOVIE	3.30
116	pname_5	pdesc_57_57_57_57_	MOVIE	7.89
118	pname_771	pdesc_13_13_13_13_	MOVIE	9.71
132	pname_6	pdesc_119_119_11	MOVIE	13.39
135	pname_917	pdesc_285_285_28	MOVIE	8.53
136	pname_19	pdesc_351_351_351_35	MOVIE	11.64
138	pname_14	pdesc_209_209_209_	MOVIE	11.32
139	pname_832	pdesc_191_191_191_19	MOVIE	8.68
140	pname_6	pdesc_819_819_819_81	MOVIE	8.41
145	pname_402	pdesc_48_48_48_48	MOVIE	11.94
147	pname_452	pdesc_140_140_140_1	MOVIE	8.76
148	pname_73	pdesc_491_491_491_49	MOVIE	5.67
150	pname_1	pdesc_451_451_451_	MOVIE	8.50
154	pname_230	pdesc_250_250_250_2	MOVIE	9.43
163	pname_306_	pdesc_229_229_22	MOVIE	5.99
174	pname_558_	pdesc_118_118_118_1	MOVIE	8.14
179	pname_45	pdesc_660_660_660_6	MOVIE	8.68
180	pname_47	pdesc_23_23_23_23	MOVIE	9.70
189	pname_244	pdesc_770_770_770_7	MOVIE	6.19
191	pname_32	pdesc_562_562_5	MOVIE	6.46
192	pname_76	pdesc_868_868_8	MOVIE	13.58
193	pname_336_	pdesc_512_512_512	MOVIE	10.89
194	pname_13	pdesc_20_20_20_20	MOVIE	4.79
201	pname_842	pdesc_940_940_9	MOVIE	10.81
202	pname_68_6	pdesc_41_41_41_41_4	MOVIE	11.16
203	pname_446	pdesc_642_642_6	MOVIE	7.10
206	pname_157	pdesc_947_947_947_	MOVIE	9.55
210	pname_9	pdesc_37_37_37_37_37	MOVIE	7.99
213	pname_968_	pdesc_535_535_535_	MUSIC	7.91
216	pname_631_	pdesc_20_20_20_20	MUSIC	10.14
218	pname_694	pdesc_120_120_1	MUSIC	10.30
222	pname_51	pdesc_801_801_801_	MUSIC	9.63
232	pname_6	pdesc_766_766_766	MUSIC	6.70
234	pname_16	pdesc_187_187_187_	MUSIC	7.65
235	pname_10	pdesc_68_68_68_	MUSIC	4.67
236	pname_73	pdesc_877_877_877_87	MUSIC	5.49
238	pname_221_	pdesc_556_556_556_5	MUSIC	4.73
241	pname_60_6	pdesc_252_252_252_2	MUSIC	9.44
245	pname_605_	pdesc_72_72_72_72_72	MUSIC	9.39
246	pname_14	pdesc_138_138_138	MUSIC	13.51
249	pname_947	pdesc_311_311_311_	MUSIC	8.91
252	pname_968_	pdesc_285_285_28	MUSIC	9.73
253	pname_82	pdesc_264_264_2	MUSIC	8.39
256	pname_8	pdesc_224_224_224_2	MUSIC	12.76
260	pname_477_	pdesc_645_645_645_	MUSIC	9.25
263	pname_41	pdesc_7_7_7_7_7_7_	MUSIC	8.48
264	pname_7	pdesc_602_602_602_6	MUSIC	6.19
268	pname_23	pdesc_89_89_89_89	MUSIC	5.97
270	pname_306_	pdesc_259_259_25	MUSIC	11.18
272	pname_1	pdesc_891_891_891_	MUSIC	16.09
273	pname_970_	pdesc_301_301_30	MUSIC	12.46
274	pname_641_	pdesc_496_496_496	MUSIC	10.77
277	pname_61	pdesc_247_247_247_24	MUSIC	11.66
279	pname_87	pdesc_365_365_36	MUSIC	8.79
280	pname_31	pdesc_396_396_396_3	MUSIC	11.17
281	pname_486	pdesc_680_680_680	MUSIC	7.42
285	pname_45	pdesc_164_164_164	MUSIC	8.91
286	pname_73	pdesc_363_363_36	MUSIC	8.88
289	pname_4	pdesc_881_881_88	MUSIC	11.66
297	pname_503	pdesc_236_236_2	MUSIC	7.59
306	pname_644	pdesc_208_208_2	MUSIC	7.51
311	pname_24	pdesc_421_421_421_	MUSIC	9.79
313	pname_9	pdesc_789_789_789_	MUSIC	15.35
230	pname_6	pdesc_910_910_9	BOOK	12.48
217	pname_153	pdesc_132_132_132	MOVIE	10.68
221	pname_48	pdesc_917_917_917_	MOVIE	6.93
223	pname_812	pdesc_339_339_33	MOVIE	12.14
224	pname_81	pdesc_758_758_7	MOVIE	6.22
227	pname_6	pdesc_979_979_979_	MOVIE	10.92
237	pname_3	pdesc_21_21_21_	MOVIE	2.65
240	pname_147	pdesc_271_271_271_27	MOVIE	12.86
244	pname_8	pdesc_968_968_968_9	MOVIE	4.31
247	pname_8	pdesc_916_916_9	MOVIE	14.20
248	pname_2	pdesc_980_980_980	MOVIE	4.88
254	pname_54_	pdesc_922_922_922	MOVIE	9.58
257	pname_29_2	pdesc_989_989_989_98	MOVIE	10.73
261	pname_42	pdesc_106_106_106	MOVIE	9.48
262	pname_3	pdesc_849_849_849_84	MOVIE	10.09
266	pname_58_	pdesc_991_991_99	MOVIE	13.51
267	pname_38	pdesc_847_847_847_84	MOVIE	12.33
269	pname_264	pdesc_72_72_72_72_72	MOVIE	11.15
278	pname_537	pdesc_183_183_183_	MOVIE	16.74
282	pname_977	pdesc_914_914_9	MOVIE	8.70
283	pname_920_	pdesc_126_126_1	MOVIE	9.42
284	pname_1	pdesc_249_249_249_24	MOVIE	8.15
287	pname_49	pdesc_11_11_11_1	MOVIE	11.12
292	pname_2	pdesc_544_544_544	MOVIE	6.40
293	pname_194_	pdesc_953_953_953_95	MOVIE	10.63
294	pname_83	pdesc_70_70_70_70_	MOVIE	10.49
295	pname_4	pdesc_266_266_2	MOVIE	7.54
298	pname_493_	pdesc_116_116_116_1	MOVIE	14.88
299	pname_20_2	pdesc_622_622_622	MOVIE	5.24
300	pname_907	pdesc_524_524_524_5	MOVIE	12.23
301	pname_690	pdesc_266_266_2	MOVIE	15.17
302	pname_24	pdesc_829_829_82	MOVIE	10.99
319	pname_26	pdesc_265_265_265_	MUSIC	12.02
320	pname_486	pdesc_932_932_932_9	MUSIC	10.20
324	pname_351	pdesc_619_619_619_	MUSIC	7.58
325	pname_416	pdesc_580_580_580_5	MUSIC	10.05
326	pname_39	pdesc_881_881_88	MUSIC	5.49
327	pname_66	pdesc_425_425_425_	MUSIC	13.19
330	pname_6	pdesc_369_369_36	MUSIC	10.61
332	pname_54_	pdesc_575_575_575_57	MUSIC	11.63
344	pname_862	pdesc_254_254_254_2	MUSIC	8.08
346	pname_71	pdesc_817_817_817_81	MUSIC	11.37
348	pname_573	pdesc_310_310_3	MUSIC	3.62
351	pname_4	pdesc_78_78_78_78_78	MUSIC	9.91
353	pname_13	pdesc_412_412_412_4	MUSIC	8.27
355	pname_937	pdesc_885_885_88	MUSIC	14.41
356	pname_812	pdesc_303_303_30	MUSIC	5.77
363	pname_436	pdesc_375_375_375_	MUSIC	11.73
366	pname_867_	pdesc_151_151_151_	MUSIC	12.85
367	pname_9	pdesc_740_740_740_7	MUSIC	11.66
371	pname_50	pdesc_571_571_571_57	MUSIC	9.42
377	pname_826	pdesc_629_629_629_62	MUSIC	7.67
380	pname_5	pdesc_613_613_613_	MUSIC	10.73
384	pname_2	pdesc_698_698_698_6	MUSIC	7.13
392	pname_660	pdesc_475_475_47	MUSIC	9.66
394	pname_3	pdesc_116_116_116_1	MUSIC	10.10
395	pname_739	pdesc_277_277_277_27	MUSIC	10.71
396	pname_38	pdesc_240_240_240	MUSIC	2.18
398	pname_15_	pdesc_236_236_2	MUSIC	11.82
404	pname_77	pdesc_715_715_71	MUSIC	8.86
406	pname_4	pdesc_660_660_660_6	MUSIC	11.15
409	pname_87	pdesc_965_965_96	MUSIC	8.75
413	pname_55	pdesc_272_272_272	MUSIC	13.65
415	pname_57_	pdesc_168_168_168	MUSIC	12.45
419	pname_25	pdesc_67_67_67_67	MUSIC	11.30
420	pname_620	pdesc_226_226_226_2	MUSIC	8.55
322	pname_722_	pdesc_390_390_390_3	MOVIE	16.58
323	pname_563	pdesc_211_211_211_21	MOVIE	14.57
336	pname_306_	pdesc_265_265_265_	MOVIE	9.79
339	pname_537	pdesc_552_552_552_5	MOVIE	7.39
342	pname_7	pdesc_563_563_563_	MOVIE	5.54
343	pname_823_	pdesc_986_986_986	MOVIE	11.06
358	pname_765	pdesc_873_873_873_87	MOVIE	4.24
364	pname_958_	pdesc_715_715_71	MOVIE	12.34
365	pname_527	pdesc_480_480_4	MOVIE	9.45
368	pname_163	pdesc_760_760_760	MOVIE	13.16
369	pname_11	pdesc_115_115_11	MOVIE	17.96
372	pname_3	pdesc_423_423_423_	MOVIE	9.70
373	pname_93	pdesc_482_482_4	MOVIE	12.93
375	pname_82	pdesc_996_996_996_9	MOVIE	11.04
379	pname_361	pdesc_370_370_3	MOVIE	6.33
383	pname_3	pdesc_827_827_82	MOVIE	10.12
386	pname_78	pdesc_88_88_88_88_8	MOVIE	14.37
387	pname_56	pdesc_901_901_90	MOVIE	10.06
388	pname_75	pdesc_760_760_760	MOVIE	11.40
389	pname_14	pdesc_743_743_74	MOVIE	10.98
390	pname_7	pdesc_45_45_45_45	MOVIE	10.28
393	pname_9	pdesc_11_11_11_1	MOVIE	10.02
400	pname_1	pdesc_182_182_1	MOVIE	8.91
401	pname_963	pdesc_335_335_33	MOVIE	11.98
402	pname_17	pdesc_363_363_36	MOVIE	6.01
416	pname_950_	pdesc_355_355_355_35	MOVIE	10.52
417	pname_16	pdesc_629_629_629_62	MOVIE	8.95
418	pname_2	pdesc_385_385_385_38	MOVIE	10.32
421	pname_69_6	pdesc_740_740_740_7	MOVIE	14.49
422	pname_3	pdesc_434_434_434	MOVIE	11.81
427	pname_514_	pdesc_563_563_563_	MUSIC	6.39
429	pname_50	pdesc_402_402_402	MUSIC	11.77
433	pname_5	pdesc_457_457_457_	MUSIC	7.41
436	pname_791	pdesc_2_2_2_2_2_2_2	MUSIC	9.52
438	pname_36	pdesc_527_527_52	MUSIC	6.20
439	pname_336_	pdesc_404_404_404	MUSIC	11.22
443	pname_69	pdesc_667_667_66	MUSIC	9.95
445	pname_356_	pdesc_144_144_144_1	MUSIC	11.31
447	pname_30	pdesc_944_944_9	MUSIC	6.38
453	pname_46	pdesc_735_735_735_73	MUSIC	6.59
459	pname_837_	pdesc_577_577_577_57	MUSIC	14.23
462	pname_120_	pdesc_608_608_608_6	MUSIC	16.18
463	pname_7	pdesc_565_565_565_	MUSIC	8.81
471	pname_980_	pdesc_543_543_543_54	MUSIC	5.14
472	pname_37	pdesc_261_261_261_	MUSIC	15.84
478	pname_3	pdesc_122_122_1	MUSIC	7.95
479	pname_188_	pdesc_441_441_44	MUSIC	13.11
481	pname_473_	pdesc_847_847_847_84	MUSIC	9.11
484	pname_56	pdesc_294_294_2	MUSIC	8.61
488	pname_5	pdesc_886_886_886_8	MUSIC	10.21
494	pname_98	pdesc_372_372_3	MUSIC	10.62
496	pname_9	pdesc_316_316_3	MUSIC	8.33
500	pname_3	pdesc_151_151_151_	MUSIC	9.15
501	pname_148_	pdesc_127_127_127_	MUSIC	13.36
502	pname_23	pdesc_103_103_103_10	MUSIC	14.60
505	pname_104_	pdesc_889_889_88	MUSIC	13.21
506	pname_629_	pdesc_512_512_512	MUSIC	15.20
509	pname_89	pdesc_264_264_2	MUSIC	11.67
512	pname_9	pdesc_120_120_1	MUSIC	12.81
513	pname_48	pdesc_729_729_729_	MUSIC	9.17
514	pname_422	pdesc_402_402_402	MUSIC	3.85
516	pname_258	pdesc_62_62_62_	MUSIC	4.15
517	pname_994_	pdesc_18_18_18_18_18	MUSIC	11.63
519	pname_4	pdesc_577_577_577_57	MUSIC	11.31
523	pname_43	pdesc_696_696_696_6	MUSIC	18.72
526	pname_2	pdesc_330_330_330_3	MUSIC	7.39
425	pname_3	pdesc_226_226_226_2	MOVIE	5.51
428	pname_64_6	pdesc_85_85_85_85_8	MOVIE	5.13
430	pname_342_	pdesc_817_817_817_81	MOVIE	7.63
431	pname_35	pdesc_787_787_787_	MOVIE	9.99
432	pname_2	pdesc_156_156_1	MOVIE	8.48
434	pname_984_	pdesc_61_61_61_61	MOVIE	11.22
435	pname_4	pdesc_329_329_329_32	MOVIE	7.26
446	pname_608	pdesc_279_279_279_27	MOVIE	13.85
448	pname_88	pdesc_987_987_987_98	MOVIE	6.14
449	pname_173	pdesc_837_837_837_	MOVIE	11.49
451	pname_645_	pdesc_358_358_358	MOVIE	9.55
452	pname_5	pdesc_999_999_99	MOVIE	7.38
454	pname_3	pdesc_181_181_181_	MOVIE	10.34
457	pname_365	pdesc_770_770_770_7	MOVIE	5.10
458	pname_299_	pdesc_721_721_721_	MOVIE	12.33
467	pname_560_	pdesc_258_258_258_2	MOVIE	9.82
468	pname_3	pdesc_73_73_73_73_	MOVIE	8.79
469	pname_6	pdesc_937_937_93	MOVIE	4.94
470	pname_816	pdesc_69_69_69_69_6	MOVIE	8.44
473	pname_799	pdesc_338_338_338_3	MOVIE	7.65
476	pname_883_	pdesc_1000_1000_	MOVIE	10.26
477	pname_31	pdesc_348_348_3	MOVIE	8.63
482	pname_13	pdesc_865_865_865_	MOVIE	8.69
486	pname_36	pdesc_21_21_21_	MOVIE	10.87
487	pname_114_	pdesc_229_229_22	MOVIE	6.84
489	pname_83	pdesc_526_526_526_5	MOVIE	10.73
490	pname_32	pdesc_486_486_4	MOVIE	12.24
492	pname_4	pdesc_831_831_831_	MOVIE	9.18
498	pname_168_	pdesc_289_289_28	MOVIE	9.48
499	pname_412	pdesc_164_164_164	MOVIE	10.74
503	pname_5	pdesc_845_845_845_84	MOVIE	8.98
508	pname_826	pdesc_388_388_388	MOVIE	13.12
537	pname_90_	pdesc_490_490_490	MUSIC	4.26
540	pname_7	pdesc_45_45_45_45	MUSIC	8.95
548	pname_597	pdesc_721_721_721_	MUSIC	11.86
551	pname_74	pdesc_223_223_22	MUSIC	9.70
552	pname_803_	pdesc_811_811_811_81	MUSIC	13.03
559	pname_745	pdesc_809_809_809_	MUSIC	9.15
560	pname_63_6	pdesc_616_616_6	MUSIC	15.20
562	pname_1	pdesc_172_172_172_1	MUSIC	13.96
563	pname_651_	pdesc_131_131_131_13	MUSIC	14.50
565	pname_379	pdesc_503_503_503_	MUSIC	8.41
566	pname_7	pdesc_95_95_95_95_	MUSIC	7.33
570	pname_22	pdesc_803_803_803_	MUSIC	7.03
572	pname_987	pdesc_52_52_52_5	MUSIC	9.13
576	pname_239_	pdesc_581_581_58	MUSIC	14.29
580	pname_8	pdesc_608_608_608_6	MUSIC	13.21
582	pname_9	pdesc_125_125_125_	MUSIC	5.79
585	pname_7	pdesc_995_995_99	MUSIC	9.05
588	pname_1	pdesc_98_98_98_98_	MUSIC	5.44
596	pname_362_	pdesc_439_439_439_43	MUSIC	2.91
603	pname_970_	pdesc_875_875_875_87	MUSIC	10.02
604	pname_274	pdesc_394_394_394_3	MUSIC	7.88
608	pname_2	pdesc_801_801_801_	MUSIC	10.32
609	pname_9	pdesc_402_402_402	MUSIC	10.95
613	pname_124_	pdesc_413_413_41	MUSIC	7.31
614	pname_15	pdesc_194_194_194	MUSIC	12.65
620	pname_332_	pdesc_137_137_137_13	MUSIC	13.52
621	pname_4	pdesc_770_770_770_7	MUSIC	10.45
622	pname_204	pdesc_992_992_992_9	MUSIC	4.33
628	pname_5	pdesc_601_601_60	MUSIC	10.32
629	pname_649_	pdesc_606_606_606_6	MUSIC	14.83
631	pname_56	pdesc_224_224_224_2	MUSIC	11.67
632	pname_7	pdesc_186_186_1	MUSIC	13.10
633	pname_918_	pdesc_950_950_950	MUSIC	7.64
531	pname_47	pdesc_22_22_22_22_2	MOVIE	18.44
534	pname_6	pdesc_761_761_761_76	MOVIE	8.12
538	pname_900_	pdesc_530_530_5	MOVIE	9.36
539	pname_5	pdesc_78_78_78_78_78	MOVIE	16.27
542	pname_698	pdesc_223_223_22	MOVIE	4.99
544	pname_564_	pdesc_731_731_731_73	MOVIE	8.66
547	pname_5	pdesc_858_858_858_8	MOVIE	9.35
549	pname_8	pdesc_368_368_368_3	MOVIE	9.46
553	pname_91_	pdesc_832_832_8	MOVIE	8.24
554	pname_230	pdesc_168_168_168	MOVIE	8.42
561	pname_6	pdesc_442_442_442_4	MOVIE	12.50
568	pname_99	pdesc_69_69_69_69_6	MOVIE	11.80
571	pname_29	pdesc_515_515_515_51	MOVIE	13.66
574	pname_274	pdesc_5_5_5_5_5_	MOVIE	11.21
577	pname_702_	pdesc_267_267_267_	MOVIE	6.15
581	pname_6	pdesc_717_717_71	MOVIE	12.38
584	pname_19_	pdesc_21_21_21_	MOVIE	12.87
587	pname_110_	pdesc_214_214_214	MOVIE	7.12
589	pname_649_	pdesc_959_959_959_95	MOVIE	5.32
591	pname_65_6	pdesc_238_238_2	MOVIE	11.79
592	pname_70	pdesc_467_467_467_46	MOVIE	6.69
594	pname_9	pdesc_928_928_928	MOVIE	5.00
595	pname_234	pdesc_471_471_47	MOVIE	9.43
597	pname_55_	pdesc_720_720_7	MOVIE	16.43
601	pname_160_	pdesc_447_447_44	MOVIE	7.59
602	pname_806	pdesc_484_484_4	MOVIE	15.90
605	pname_968_	pdesc_511_511_511_51	MOVIE	13.42
607	pname_648	pdesc_364_364_364_3	MOVIE	8.35
611	pname_447_	pdesc_1_1_1_1_1_1_	MOVIE	7.01
615	pname_19	pdesc_733_733_733_73	MOVIE	9.11
618	pname_833_	pdesc_668_668_668_6	MOVIE	15.64
619	pname_1	pdesc_895_895_895_	MOVIE	14.27
624	pname_211_	pdesc_373_373_373_	MOVIE	5.68
625	pname_983	pdesc_8_8_8_8_8_8_8	MOVIE	9.81
626	pname_427_	pdesc_156_156_1	MOVIE	8.09
648	pname_9	pdesc_129_129_129_	MUSIC	11.87
652	pname_94_	pdesc_199_199_199_19	MUSIC	11.34
656	pname_456	pdesc_163_163_163_16	MUSIC	7.24
657	pname_4	pdesc_121_121_121_	MUSIC	9.60
658	pname_4	pdesc_683_683_683_68	MUSIC	6.71
662	pname_456	pdesc_144_144_144_1	MUSIC	9.50
665	pname_893_	pdesc_277_277_277_27	MUSIC	9.47
666	pname_7	pdesc_88_88_88_88_8	MUSIC	12.91
668	pname_6	pdesc_846_846_846	MUSIC	14.02
671	pname_679_	pdesc_498_498_498	MUSIC	10.86
674	pname_130_	pdesc_995_995_99	MUSIC	13.13
683	pname_11	pdesc_734_734_734	MUSIC	12.76
685	pname_362_	pdesc_684_684_684	MUSIC	6.02
687	pname_544_	pdesc_9_9_9_9_9_9_9_	MUSIC	12.42
691	pname_9	pdesc_43_43_43_	MUSIC	2.56
695	pname_7	pdesc_338_338_338_3	MUSIC	9.47
700	pname_960_	pdesc_19_19_19_19_	MUSIC	11.00
702	pname_76	pdesc_520_520_520_5	MUSIC	9.61
703	pname_2	pdesc_892_892_8	MUSIC	8.90
706	pname_7	pdesc_569_569_569_	MUSIC	10.16
708	pname_5	pdesc_383_383_383_38	MUSIC	11.69
712	pname_4	pdesc_207_207_207_	MUSIC	10.19
716	pname_694	pdesc_782_782_7	MUSIC	12.40
717	pname_295_	pdesc_490_490_490	MUSIC	8.50
725	pname_9	pdesc_328_328_328	MUSIC	9.34
729	pname_219_	pdesc_319_319_319_	MUSIC	14.70
733	pname_510_	pdesc_534_534_5	MUSIC	8.44
637	pname_45	pdesc_213_213_213_21	MOVIE	9.75
639	pname_913	pdesc_837_837_837_	MOVIE	8.25
640	pname_89	pdesc_20_20_20_20	MOVIE	8.41
641	pname_4	pdesc_233_233_233_	MOVIE	5.37
645	pname_5	pdesc_935_935_93	MOVIE	12.93
651	pname_3	pdesc_636_636_636_6	MOVIE	9.34
655	pname_62	pdesc_80_80_80_80	MOVIE	11.80
659	pname_69	pdesc_430_430_430	MOVIE	9.46
663	pname_239_	pdesc_815_815_815_81	MOVIE	10.69
664	pname_46	pdesc_915_915_915_	MOVIE	13.24
667	pname_2	pdesc_640_640_6	MOVIE	5.44
670	pname_3	pdesc_869_869_869_	MOVIE	10.97
675	pname_120_	pdesc_638_638_638_6	MOVIE	12.73
677	pname_97	pdesc_553_553_55	MOVIE	13.21
682	pname_771	pdesc_630_630_630_6	MOVIE	12.69
686	pname_234	pdesc_532_532_5	MOVIE	10.84
689	pname_908_	pdesc_53_53_53_53_53	MOVIE	6.32
692	pname_40	pdesc_879_879_879_87	MOVIE	8.55
693	pname_38	pdesc_207_207_207_	MOVIE	11.00
696	pname_89	pdesc_473_473_47	MOVIE	10.87
701	pname_381	pdesc_843_843_843_84	MOVIE	11.00
704	pname_928_	pdesc_420_420_4	MOVIE	11.52
707	pname_2	pdesc_177_177_17	MOVIE	6.04
709	pname_64_6	pdesc_261_261_261_	MOVIE	12.02
710	pname_3	pdesc_840_840_840	MOVIE	5.84
713	pname_690	pdesc_775_775_77	MOVIE	4.01
718	pname_785	pdesc_914_914_9	MOVIE	13.31
721	pname_68	pdesc_174_174_174_1	MOVIE	12.55
722	pname_82	pdesc_188_188_1	MOVIE	6.66
723	pname_1	pdesc_530_530_5	MOVIE	8.55
727	pname_998_	pdesc_470_470_470_4	MOVIE	8.53
728	pname_7	pdesc_127_127_127_	MOVIE	12.17
731	pname_20	pdesc_143_143_14	MOVIE	16.69
732	pname_3	pdesc_888_888_888_8	MOVIE	8.97
734	pname_91	pdesc_148_148_148_1	MOVIE	13.26
736	pname_5	pdesc_524_524_524_5	MOVIE	12.81
737	pname_4	pdesc_631_631_63	MOVIE	15.06
743	pname_228	pdesc_408_408_408	MUSIC	9.29
744	pname_698	pdesc_76_76_76_76_	MUSIC	3.86
745	pname_775	pdesc_777_777_77	MUSIC	7.89
748	pname_846	pdesc_804_804_8	MUSIC	10.75
749	pname_712_	pdesc_364_364_364_3	MUSIC	12.76
751	pname_98	pdesc_422_422_4	MUSIC	6.34
753	pname_6	pdesc_664_664_664_6	MUSIC	6.58
754	pname_28_2	pdesc_508_508_5	MUSIC	10.04
755	pname_50	pdesc_518_518_518	MUSIC	3.89
757	pname_218	pdesc_58_58_58_5	MUSIC	9.18
758	pname_716_	pdesc_509_509_509_	MUSIC	8.05
759	pname_198_	pdesc_214_214_214	MUSIC	9.54
764	pname_9	pdesc_304_304_304_3	MUSIC	10.81
768	pname_711	pdesc_688_688_688	MUSIC	7.15
771	pname_87	pdesc_999_999_99	MUSIC	15.69
772	pname_9	pdesc_831_831_831_	MUSIC	8.68
775	pname_799	pdesc_556_556_556_5	MUSIC	14.95
777	pname_87	pdesc_969_969_96	MUSIC	10.86
778	pname_230	pdesc_173_173_17	MUSIC	7.21
781	pname_2	pdesc_104_104_104	MUSIC	6.67
782	pname_958_	pdesc_787_787_787_	MUSIC	5.53
783	pname_3	pdesc_694_694_694_6	MUSIC	12.17
786	pname_918_	pdesc_127_127_127_	MUSIC	14.57
787	pname_726_	pdesc_330_330_330_3	MUSIC	14.78
791	pname_270	pdesc_631_631_63	MUSIC	10.04
792	pname_2	pdesc_716_716_716_7	MUSIC	6.45
793	pname_7	pdesc_582_582_582_5	MUSIC	11.96
794	pname_382_	pdesc_577_577_577_57	MUSIC	7.78
795	pname_295_	pdesc_384_384_384	MUSIC	7.65
796	pname_42	pdesc_586_586_586_5	MUSIC	11.01
798	pname_64	pdesc_101_101_101_10	MUSIC	13.40
800	pname_376_	pdesc_477_477_47	MUSIC	11.14
805	pname_306_	pdesc_688_688_688	MUSIC	12.20
808	pname_7	pdesc_554_554_554_5	MUSIC	8.92
809	pname_224	pdesc_545_545_545_54	MUSIC	12.98
812	pname_722_	pdesc_620_620_620	MUSIC	7.78
813	pname_568_	pdesc_30_30_30_3	MUSIC	10.52
814	pname_528_	pdesc_507_507_507_	MUSIC	7.14
815	pname_391	pdesc_754_754_7	MUSIC	9.16
816	pname_69	pdesc_176_176_176_1	MUSIC	7.52
820	pname_621_	pdesc_417_417_41	MUSIC	13.42
822	pname_950_	pdesc_213_213_213_21	MUSIC	11.48
826	pname_75	pdesc_690_690_690_6	MUSIC	13.28
828	pname_3	pdesc_176_176_176_1	MUSIC	12.83
829	pname_3	pdesc_751_751_751_	MUSIC	8.57
832	pname_6	pdesc_431_431_431_43	MUSIC	9.56
835	pname_651_	pdesc_201_201_201_	MUSIC	15.25
839	pname_332_	pdesc_168_168_168	MUSIC	9.14
843	pname_7	pdesc_913_913_913_	MUSIC	8.42
845	pname_684	pdesc_459_459_459_	MUSIC	11.30
746	pname_4	pdesc_633_633_63	MOVIE	9.45
747	pname_4	pdesc_268_268_2	MOVIE	10.62
752	pname_510_	pdesc_245_245_245_24	MOVIE	11.53
760	pname_862	pdesc_737_737_737_73	MOVIE	9.98
763	pname_3	pdesc_602_602_602_6	MOVIE	13.56
766	pname_9	pdesc_343_343_343_	MOVIE	8.99
767	pname_679_	pdesc_85_85_85_85_8	MOVIE	12.90
769	pname_399	pdesc_785_785_785_	MOVIE	7.52
770	pname_54_	pdesc_335_335_33	MOVIE	8.18
773	pname_908_	pdesc_980_980_980	MOVIE	5.20
774	pname_56	pdesc_785_785_785_	MOVIE	8.41
776	pname_497_	pdesc_494_494_494	MOVIE	13.60
785	pname_920_	pdesc_430_430_430	MOVIE	6.38
789	pname_1	pdesc_149_149_14	MOVIE	12.22
801	pname_13	pdesc_229_229_22	MOVIE	14.42
802	pname_624	pdesc_321_321_321_32	MOVIE	13.82
803	pname_22_2	pdesc_540_540_540	MOVIE	9.74
804	pname_99_	pdesc_160_160_160	MOVIE	9.21
807	pname_229_	pdesc_923_923_923_92	MOVIE	3.31
811	pname_842	pdesc_565_565_565_	MOVIE	7.95
817	pname_72	pdesc_392_392_392_3	MOVIE	8.37
818	pname_359	pdesc_425_425_425_	MOVIE	12.39
823	pname_73	pdesc_591_591_591_	MOVIE	9.84
831	pname_645_	pdesc_216_216_216	MOVIE	11.76
836	pname_42	pdesc_856_856_856_8	MOVIE	16.76
853	pname_260	pdesc_749_749_74	MUSIC	8.13
860	pname_669_	pdesc_862_862_8	MUSIC	9.66
864	pname_920_	pdesc_781_781_781_	MUSIC	7.30
865	pname_83	pdesc_741_741_74	MUSIC	9.73
868	pname_93	pdesc_208_208_2	MUSIC	7.38
869	pname_34	pdesc_482_482_4	MUSIC	6.78
870	pname_4	pdesc_242_242_242	MUSIC	8.33
871	pname_56	pdesc_864_864_8	MUSIC	11.06
874	pname_887_	pdesc_723_723_723_	MUSIC	9.07
883	pname_8	pdesc_143_143_14	MUSIC	11.18
887	pname_280	pdesc_176_176_176_1	MUSIC	11.64
891	pname_701	pdesc_88_88_88_88_8	MUSIC	13.59
893	pname_403_	pdesc_941_941_941_	MUSIC	12.98
894	pname_20	pdesc_866_866_8	MUSIC	5.58
895	pname_174_	pdesc_154_154_1	MUSIC	9.80
902	pname_382_	pdesc_566_566_5	MUSIC	14.65
905	pname_771	pdesc_206_206_2	MUSIC	10.48
906	pname_86	pdesc_650_650_650	MUSIC	6.22
908	pname_762_	pdesc_803_803_803_	MUSIC	13.39
916	pname_6	pdesc_125_125_125_	MUSIC	10.88
920	pname_290	pdesc_488_488_4	MUSIC	7.04
922	pname_684	pdesc_52_52_52_5	MUSIC	12.11
923	pname_739	pdesc_662_662_662_6	MUSIC	9.63
925	pname_974_	pdesc_754_754_7	MUSIC	3.00
926	pname_18_	pdesc_627_627_627_62	MUSIC	8.36
927	pname_953	pdesc_580_580_580_5	MUSIC	13.98
932	pname_862	pdesc_604_604_604_6	MUSIC	8.03
933	pname_27_2	pdesc_745_745_74	MUSIC	9.70
934	pname_359	pdesc_671_671_671_	MUSIC	8.55
935	pname_83	pdesc_44_44_44_44_4	MUSIC	11.07
940	pname_291_	pdesc_762_762_762	MUSIC	8.67
944	pname_60	pdesc_293_293_293_	MUSIC	9.65
949	pname_50	pdesc_753_753_753_	MUSIC	12.70
953	pname_963	pdesc_390_390_390_3	MUSIC	10.15
849	pname_128_	pdesc_673_673_673_	MOVIE	11.55
850	pname_3	pdesc_598_598_5	MOVIE	12.66
851	pname_598_	pdesc_104_104_104	MOVIE	13.62
852	pname_311	pdesc_519_519_519_51	MOVIE	7.48
854	pname_5	pdesc_340_340_3	MOVIE	12.26
855	pname_832	pdesc_39_39_39_3	MOVIE	6.85
861	pname_9	pdesc_583_583_58	MOVIE	7.79
862	pname_17	pdesc_500_500_5	MOVIE	7.24
867	pname_779	pdesc_750_750_7	MOVIE	10.25
872	pname_16_	pdesc_196_196_196	MOVIE	11.74
876	pname_184_	pdesc_932_932_932_9	MOVIE	11.75
879	pname_53_	pdesc_664_664_664_6	MOVIE	6.70
880	pname_13_	pdesc_745_745_74	MOVIE	5.71
881	pname_10_	pdesc_775_775_77	MOVIE	4.90
889	pname_68	pdesc_33_33_33_3	MOVIE	10.50
892	pname_5	pdesc_977_977_977_	MOVIE	8.24
896	pname_5	pdesc_455_455_455_	MOVIE	16.99
901	pname_983	pdesc_738_738_738	MOVIE	19.01
907	pname_2	pdesc_968_968_968_9	MOVIE	10.13
910	pname_9	pdesc_280_280_280_2	MOVIE	7.80
911	pname_61	pdesc_624_624_624	MOVIE	7.86
913	pname_4	pdesc_125_125_125_	MOVIE	6.12
924	pname_24_2	pdesc_846_846_846	MOVIE	12.49
929	pname_72	pdesc_32_32_32_32_	MOVIE	8.41
930	pname_973	pdesc_579_579_579_57	MOVIE	14.81
941	pname_8	pdesc_371_371_371_	MOVIE	13.17
943	pname_160_	pdesc_507_507_507_	MOVIE	10.34
948	pname_15	pdesc_829_829_82	MOVIE	9.51
950	pname_73	pdesc_127_127_127_	MOVIE	8.46
954	pname_670	pdesc_997_997_99	MOVIE	7.22
963	pname_52_	pdesc_415_415_41	MUSIC	10.35
971	pname_31	pdesc_130_130_130	MUSIC	7.93
976	pname_863_	pdesc_343_343_343_	MUSIC	9.77
979	pname_477_	pdesc_391_391_39	MUSIC	9.03
981	pname_1	pdesc_877_877_877_87	MUSIC	11.01
983	pname_174_	pdesc_48_48_48_48	MUSIC	5.20
984	pname_114_	pdesc_171_171_17	MUSIC	7.65
987	pname_365	pdesc_164_164_164	MUSIC	18.53
991	pname_62	pdesc_450_450_4	MUSIC	7.81
998	pname_772_	pdesc_984_984_984	MUSIC	9.42
1000	pname_701	pdesc_207_207_207_	MUSIC	8.42
2	pname_55_	pdesc_733_733_733_73	BOOK	11.76
5	pname_140_	pdesc_605_605_60	BOOK	12.93
11	pname_62	pdesc_737_737_737_73	BOOK	11.92
12	pname_3	pdesc_826_826_826_8	BOOK	9.89
14	pname_77	pdesc_414_414_414_4	BOOK	12.09
19	pname_927	pdesc_617_617_617_	BOOK	16.10
21	pname_923	pdesc_384_384_384	BOOK	11.16
24	pname_188_	pdesc_584_584_584_5	BOOK	13.72
25	pname_79	pdesc_131_131_131_13	BOOK	8.38
27	pname_91_	pdesc_427_427_427_	BOOK	7.41
32	pname_5	pdesc_85_85_85_85_8	BOOK	15.53
33	pname_28	pdesc_722_722_7	BOOK	9.34
39	pname_8	pdesc_253_253_25	BOOK	8.72
41	pname_416	pdesc_428_428_4	BOOK	12.13
43	pname_173	pdesc_409_409_409_40	BOOK	12.15
48	pname_914_	pdesc_91_91_91_91_91	BOOK	9.14
50	pname_5	pdesc_757_757_757_	BOOK	10.82
52	pname_406	pdesc_473_473_47	BOOK	5.55
53	pname_5	pdesc_566_566_5	BOOK	5.08
57	pname_584_	pdesc_346_346_3	BOOK	9.63
59	pname_3	pdesc_767_767_767_76	BOOK	8.89
62	pname_34	pdesc_335_335_33	BOOK	14.34
71	pname_8	pdesc_750_750_7	BOOK	11.63
73	pname_38	pdesc_214_214_214	BOOK	11.77
74	pname_85	pdesc_285_285_28	BOOK	11.61
85	pname_61_6	pdesc_890_890_8	BOOK	10.49
91	pname_904_	pdesc_397_397_39	BOOK	9.55
95	pname_12	pdesc_306_306_306_3	BOOK	9.15
102	pname_537	pdesc_797_797_797_79	BOOK	18.70
103	pname_437_	pdesc_92_92_92_92_	BOOK	8.01
104	pname_4	pdesc_823_823_82	BOOK	8.77
106	pname_699_	pdesc_522_522_522_5	BOOK	9.87
109	pname_4	pdesc_91_91_91_91_91	BOOK	10.20
111	pname_514_	pdesc_773_773_77	BOOK	14.35
114	pname_9	pdesc_201_201_201_	BOOK	10.37
115	pname_62	pdesc_28_28_28_28_2	BOOK	8.87
123	pname_668	pdesc_81_81_81_	BOOK	10.59
124	pname_5	pdesc_102_102_102	BOOK	8.98
128	pname_557	pdesc_734_734_734	BOOK	15.76
129	pname_629_	pdesc_292_292_2	BOOK	6.96
130	pname_34	pdesc_595_595_595_	BOOK	11.26
131	pname_1	pdesc_78_78_78_78_78	BOOK	12.21
133	pname_782_	pdesc_530_530_5	BOOK	14.46
134	pname_443_	pdesc_713_713_71	BOOK	7.10
141	pname_674	pdesc_486_486_4	BOOK	11.33
142	pname_356_	pdesc_399_399_39	BOOK	7.92
149	pname_649_	pdesc_275_275_275_27	BOOK	12.00
152	pname_7	pdesc_330_330_330_3	BOOK	7.07
153	pname_980_	pdesc_568_568_5	BOOK	7.34
155	pname_3	pdesc_223_223_22	BOOK	14.84
156	pname_147	pdesc_220_220_220_2	BOOK	7.18
157	pname_557	pdesc_271_271_271_27	BOOK	8.21
159	pname_39	pdesc_42_42_42_42	BOOK	9.14
162	pname_779	pdesc_635_635_63	BOOK	14.41
167	pname_508_	pdesc_807_807_807_	BOOK	10.60
168	pname_1	pdesc_191_191_191_19	BOOK	10.22
169	pname_1	pdesc_110_110_110_1	BOOK	6.70
171	pname_50	pdesc_536_536_5	BOOK	8.95
172	pname_594_	pdesc_788_788_7	BOOK	13.22
173	pname_473_	pdesc_495_495_495_49	BOOK	10.96
175	pname_8	pdesc_373_373_373_	BOOK	14.94
178	pname_9	pdesc_930_930_930_9	BOOK	12.20
956	pname_524_	pdesc_335_335_33	MOVIE	5.42
957	pname_349	pdesc_206_206_2	MOVIE	7.55
958	pname_231_	pdesc_707_707_707_70	MOVIE	10.07
960	pname_1	pdesc_380_380_380	MOVIE	8.55
961	pname_497_	pdesc_263_263_263_	MOVIE	10.82
962	pname_49	pdesc_23_23_23_23	MOVIE	9.67
966	pname_150_	pdesc_346_346_3	MOVIE	10.15
967	pname_66_6	pdesc_734_734_734	MOVIE	12.38
972	pname_391	pdesc_384_384_384	MOVIE	4.95
973	pname_1	pdesc_566_566_5	MOVIE	7.90
977	pname_3	pdesc_879_879_879_87	MOVIE	8.23
978	pname_351	pdesc_628_628_628	MOVIE	7.34
980	pname_648	pdesc_31_31_31_31_31	MOVIE	9.66
985	pname_48	pdesc_676_676_6	MOVIE	5.51
181	pname_34	pdesc_676_676_6	BOOK	8.39
183	pname_92_	pdesc_686_686_686	BOOK	8.87
184	pname_2	pdesc_665_665_66	BOOK	15.23
185	pname_270	pdesc_227_227_22	BOOK	14.71
188	pname_208	pdesc_354_354_354	BOOK	6.44
190	pname_336_	pdesc_279_279_279_27	BOOK	13.48
195	pname_386_	pdesc_973_973_973_	BOOK	13.31
196	pname_812	pdesc_992_992_992_9	BOOK	8.55
198	pname_983	pdesc_56_56_56_56_56	BOOK	8.08
199	pname_609_	pdesc_808_808_8	BOOK	7.44
204	pname_87	pdesc_140_140_140_1	BOOK	12.77
205	pname_6	pdesc_221_221_22	BOOK	6.71
207	pname_759	pdesc_318_318_3	BOOK	13.13
209	pname_64_6	pdesc_148_148_148_1	BOOK	19.39
214	pname_755	pdesc_647_647_647_	BOOK	14.97
215	pname_856	pdesc_626_626_626	BOOK	17.11
219	pname_89	pdesc_855_855_85	BOOK	13.87
220	pname_275_	pdesc_339_339_33	BOOK	8.97
225	pname_73	pdesc_10_10_10_10_	BOOK	5.89
226	pname_210	pdesc_3_3_3_3_3_3_3_	BOOK	8.34
228	pname_84	pdesc_15_15_15_15_15	BOOK	11.12
229	pname_17_	pdesc_111_111_11	BOOK	13.00
231	pname_60_6	pdesc_648_648_6	BOOK	7.66
233	pname_70	pdesc_704_704_704	BOOK	2.89
239	pname_776_	pdesc_950_950_950	BOOK	10.92
242	pname_255_	pdesc_406_406_406	BOOK	6.20
243	pname_547	pdesc_942_942_9	BOOK	7.29
250	pname_654	pdesc_297_297_297_	BOOK	11.87
251	pname_60_6	pdesc_714_714_714_7	BOOK	11.85
255	pname_90	pdesc_544_544_544	BOOK	13.03
258	pname_4	pdesc_731_731_731_73	BOOK	13.98
259	pname_163	pdesc_135_135_135_13	BOOK	12.96
265	pname_1	pdesc_128_128_1	BOOK	10.90
271	pname_9	pdesc_351_351_351_35	BOOK	4.99
275	pname_436	pdesc_206_206_2	BOOK	15.22
276	pname_4	pdesc_871_871_871_87	BOOK	7.99
288	pname_289_	pdesc_864_864_8	BOOK	8.81
290	pname_9	pdesc_233_233_233_	BOOK	9.83
291	pname_442	pdesc_393_393_39	BOOK	6.62
296	pname_61	pdesc_296_296_2	BOOK	4.00
303	pname_44	pdesc_600_600_600_6	BOOK	13.40
304	pname_197	pdesc_172_172_172_1	BOOK	10.18
308	pname_2	pdesc_760_760_760	BOOK	13.85
310	pname_3	pdesc_519_519_519_51	BOOK	9.49
312	pname_9	pdesc_546_546_546	BOOK	11.83
317	pname_8	pdesc_69_69_69_69_6	BOOK	10.51
321	pname_7	pdesc_41_41_41_41_4	BOOK	13.61
328	pname_19	pdesc_560_560_5	BOOK	9.13
329	pname_1	pdesc_678_678_6	BOOK	10.46
331	pname_60	pdesc_851_851_85	BOOK	10.19
333	pname_54	pdesc_2_2_2_2_2_2_2	BOOK	13.29
334	pname_43	pdesc_131_131_131_13	BOOK	10.97
335	pname_7	pdesc_951_951_951_95	BOOK	10.43
337	pname_75	pdesc_517_517_517_51	BOOK	14.40
338	pname_53	pdesc_655_655_655_65	BOOK	14.26
340	pname_964_	pdesc_28_28_28_28_2	BOOK	10.24
341	pname_540_	pdesc_239_239_239_	BOOK	11.13
345	pname_930_	pdesc_827_827_82	BOOK	10.42
347	pname_3	pdesc_789_789_789_	BOOK	9.23
349	pname_8	pdesc_950_950_950	BOOK	11.12
350	pname_3	pdesc_123_123_123_	BOOK	11.24
352	pname_28_2	pdesc_731_731_731_73	BOOK	6.20
354	pname_2	pdesc_296_296_2	BOOK	13.80
357	pname_332_	pdesc_903_903_90	BOOK	13.68
359	pname_766_	pdesc_765_765_765_76	BOOK	10.13
360	pname_68	pdesc_63_63_63_63_6	BOOK	8.21
361	pname_1	pdesc_203_203_203_	BOOK	5.48
362	pname_5	pdesc_565_565_565_	BOOK	7.75
370	pname_7	pdesc_119_119_11	BOOK	8.17
374	pname_89	pdesc_713_713_71	BOOK	12.61
376	pname_16_	pdesc_909_909_90	BOOK	9.31
378	pname_104_	pdesc_473_473_47	BOOK	8.42
381	pname_68	pdesc_605_605_60	BOOK	7.70
382	pname_47	pdesc_265_265_265_	BOOK	8.86
385	pname_231_	pdesc_58_58_58_5	BOOK	11.03
391	pname_1	pdesc_232_232_2	BOOK	10.36
397	pname_3	pdesc_28_28_28_28_2	BOOK	2.90
399	pname_7	pdesc_110_110_110_1	BOOK	10.28
403	pname_594_	pdesc_768_768_768	BOOK	7.50
405	pname_3	pdesc_558_558_558_5	BOOK	10.65
407	pname_83	pdesc_152_152_1	BOOK	7.83
408	pname_762_	pdesc_638_638_638_6	BOOK	10.45
410	pname_54_	pdesc_226_226_226_2	BOOK	13.06
411	pname_630	pdesc_549_549_549_54	BOOK	5.94
412	pname_250	pdesc_563_563_563_	BOOK	4.87
414	pname_668	pdesc_89_89_89_89	BOOK	9.88
423	pname_160_	pdesc_856_856_856_8	BOOK	8.13
424	pname_675_	pdesc_179_179_17	BOOK	8.35
426	pname_20	pdesc_58_58_58_5	BOOK	9.90
437	pname_30	pdesc_668_668_668_6	BOOK	11.67
440	pname_23	pdesc_545_545_545_54	BOOK	9.52
441	pname_1	pdesc_833_833_833_	BOOK	6.19
442	pname_786_	pdesc_760_760_760	BOOK	10.25
444	pname_73	pdesc_279_279_279_27	BOOK	9.27
450	pname_8	pdesc_626_626_626	BOOK	17.79
455	pname_620	pdesc_991_991_99	BOOK	9.13
456	pname_4	pdesc_886_886_886_8	BOOK	9.05
460	pname_19_	pdesc_871_871_871_87	BOOK	18.55
461	pname_7	pdesc_805_805_805_	BOOK	8.67
464	pname_4	pdesc_772_772_772_7	BOOK	11.09
465	pname_96_	pdesc_312_312_3	BOOK	10.18
466	pname_79	pdesc_554_554_554_5	BOOK	6.90
474	pname_39	pdesc_284_284_284_2	BOOK	10.25
475	pname_1	pdesc_57_57_57_57_	BOOK	9.31
480	pname_873_	pdesc_187_187_187_	BOOK	14.55
483	pname_355	pdesc_132_132_132	BOOK	12.59
485	pname_846	pdesc_166_166_166	BOOK	8.75
491	pname_416	pdesc_688_688_688	BOOK	6.36
493	pname_9	pdesc_335_335_33	BOOK	9.84
495	pname_507	pdesc_181_181_181_	BOOK	14.33
497	pname_9	pdesc_750_750_7	BOOK	8.93
504	pname_7	pdesc_261_261_261_	BOOK	4.17
507	pname_83	pdesc_370_370_3	BOOK	12.42
520	pname_69_6	pdesc_190_190_190	BOOK	9.03
521	pname_493_	pdesc_873_873_873_87	BOOK	12.17
522	pname_38	pdesc_380_380_380	BOOK	12.58
524	pname_22_2	pdesc_736_736_736	BOOK	12.06
525	pname_65	pdesc_268_268_2	BOOK	11.46
527	pname_882	pdesc_502_502_5	BOOK	16.01
528	pname_94	pdesc_524_524_524_5	BOOK	8.63
529	pname_58	pdesc_531_531_531_	BOOK	7.72
530	pname_19	pdesc_24_24_24_	BOOK	10.77
532	pname_4	pdesc_951_951_951_95	BOOK	8.98
533	pname_28	pdesc_944_944_9	BOOK	8.41
535	pname_75	pdesc_783_783_783_	BOOK	13.91
536	pname_675_	pdesc_212_212_212	BOOK	9.92
541	pname_95_	pdesc_506_506_5	BOOK	16.58
543	pname_34	pdesc_454_454_4	BOOK	7.63
545	pname_462	pdesc_30_30_30_3	BOOK	11.14
546	pname_948_	pdesc_592_592_5	BOOK	8.01
550	pname_483_	pdesc_940_940_9	BOOK	11.05
555	pname_95_	pdesc_823_823_82	BOOK	5.79
556	pname_42	pdesc_281_281_28	BOOK	8.98
557	pname_130_	pdesc_474_474_474_4	BOOK	11.86
558	pname_107	pdesc_368_368_368_3	BOOK	10.80
564	pname_28	pdesc_538_538_5	BOOK	7.60
567	pname_4	pdesc_588_588_588_5	BOOK	4.72
569	pname_66	pdesc_677_677_677_	BOOK	10.82
573	pname_994_	pdesc_371_371_371_	BOOK	0.13
575	pname_6	pdesc_552_552_552_5	BOOK	13.32
578	pname_847_	pdesc_423_423_423_	BOOK	13.72
579	pname_13	pdesc_950_950_950	BOOK	13.07
583	pname_39	pdesc_233_233_233_	BOOK	11.54
586	pname_193	pdesc_845_845_845_84	BOOK	6.47
590	pname_973	pdesc_231_231_231_	BOOK	8.73
593	pname_279_	pdesc_253_253_25	BOOK	12.98
598	pname_654	pdesc_115_115_11	BOOK	9.87
599	pname_3	pdesc_84_84_84_	BOOK	5.32
600	pname_66	pdesc_743_743_74	BOOK	3.36
606	pname_88	pdesc_145_145_14	BOOK	14.80
610	pname_846	pdesc_106_106_106	BOOK	10.16
612	pname_856	pdesc_954_954_954	BOOK	3.76
616	pname_3	pdesc_122_122_1	BOOK	10.62
617	pname_87	pdesc_689_689_689_68	BOOK	11.32
623	pname_933	pdesc_447_447_44	BOOK	6.30
627	pname_886	pdesc_291_291_291_	BOOK	14.01
634	pname_8	pdesc_799_799_799_79	BOOK	12.20
635	pname_3	pdesc_324_324_324	BOOK	16.66
636	pname_496	pdesc_296_296_2	BOOK	12.78
638	pname_886	pdesc_599_599_599_	BOOK	8.68
642	pname_28	pdesc_81_81_81_	BOOK	6.95
643	pname_765	pdesc_997_997_99	BOOK	3.77
644	pname_261_	pdesc_735_735_735_73	BOOK	9.44
646	pname_876	pdesc_602_602_602_6	BOOK	7.38
647	pname_772_	pdesc_315_315_315_	BOOK	10.25
649	pname_321	pdesc_394_394_394_3	BOOK	7.45
650	pname_433_	pdesc_962_962_962_9	BOOK	10.17
653	pname_1	pdesc_712_712_712_7	BOOK	12.36
654	pname_477_	pdesc_107_107_107_10	BOOK	7.28
660	pname_26	pdesc_193_193_193_19	BOOK	8.97
661	pname_254	pdesc_228_228_228_2	BOOK	13.51
669	pname_4	pdesc_481_481_481_	BOOK	10.74
672	pname_54_	pdesc_751_751_751_	BOOK	5.47
673	pname_197	pdesc_12_12_12_12_12	BOOK	6.56
676	pname_3	pdesc_488_488_4	BOOK	13.86
678	pname_4	pdesc_861_861_861_	BOOK	9.51
679	pname_452	pdesc_589_589_58	BOOK	13.06
680	pname_7	pdesc_355_355_355_35	BOOK	11.73
681	pname_335	pdesc_570_570_570	BOOK	9.14
684	pname_210	pdesc_866_866_8	BOOK	5.77
688	pname_6	pdesc_797_797_797_79	BOOK	8.10
690	pname_554_	pdesc_318_318_3	BOOK	11.39
694	pname_148_	pdesc_723_723_723_	BOOK	9.12
697	pname_492	pdesc_247_247_247_24	BOOK	14.24
698	pname_94_	pdesc_442_442_442_4	BOOK	6.23
699	pname_70	pdesc_338_338_338_3	BOOK	11.32
705	pname_402	pdesc_877_877_877_87	BOOK	13.51
711	pname_258	pdesc_332_332_332_3	BOOK	10.08
714	pname_5	pdesc_548_548_548	BOOK	12.73
715	pname_69	pdesc_782_782_7	BOOK	7.31
719	pname_376_	pdesc_49_49_49_	BOOK	11.42
720	pname_71	pdesc_996_996_996_9	BOOK	11.85
724	pname_5	pdesc_254_254_254_2	BOOK	9.72
726	pname_4	pdesc_171_171_17	BOOK	14.26
730	pname_154_	pdesc_227_227_22	BOOK	12.94
735	pname_817_	pdesc_615_615_615_	BOOK	12.88
738	pname_5	pdesc_920_920_920	BOOK	10.25
740	pname_19	pdesc_945_945_945_	BOOK	5.09
750	pname_163	pdesc_649_649_649_	BOOK	9.21
756	pname_781	pdesc_818_818_818	BOOK	9.72
761	pname_158_	pdesc_305_305_30	BOOK	8.11
762	pname_3	pdesc_266_266_2	BOOK	12.50
765	pname_163	pdesc_136_136_136	BOOK	4.42
779	pname_240	pdesc_121_121_121_	BOOK	8.05
780	pname_7	pdesc_491_491_491_49	BOOK	6.62
784	pname_706_	pdesc_759_759_759_	BOOK	11.04
788	pname_38	pdesc_792_792_792	BOOK	9.20
790	pname_34	pdesc_67_67_67_67	BOOK	8.02
797	pname_95	pdesc_873_873_873_87	BOOK	12.94
799	pname_6	pdesc_681_681_681_68	BOOK	11.05
806	pname_685_	pdesc_164_164_164	BOOK	9.13
810	pname_134_	pdesc_622_622_622	BOOK	12.30
819	pname_355	pdesc_507_507_507_	BOOK	7.62
821	pname_6	pdesc_438_438_438	BOOK	15.12
824	pname_769	pdesc_976_976_9	BOOK	11.97
825	pname_1	pdesc_952_952_952	BOOK	7.87
827	pname_540_	pdesc_836_836_8	BOOK	11.52
830	pname_528_	pdesc_31_31_31_31_31	BOOK	14.69
833	pname_6	pdesc_511_511_511_51	BOOK	11.38
834	pname_1	pdesc_218_218_218	BOOK	12.54
840	pname_52	pdesc_435_435_435_43	BOOK	14.74
841	pname_947	pdesc_611_611_611_	BOOK	9.28
846	pname_241_	pdesc_142_142_142_1	BOOK	9.24
848	pname_568_	pdesc_690_690_690_6	BOOK	9.32
856	pname_97	pdesc_409_409_409_40	BOOK	8.89
857	pname_138_	pdesc_823_823_82	BOOK	6.31
858	pname_9	pdesc_920_920_920	BOOK	7.04
859	pname_731	pdesc_679_679_679_	BOOK	7.28
863	pname_32	pdesc_393_393_39	BOOK	15.62
866	pname_463_	pdesc_619_619_619_	BOOK	9.26
873	pname_3	pdesc_980_980_980	BOOK	8.68
875	pname_1	pdesc_271_271_271_27	BOOK	12.74
877	pname_244	pdesc_745_745_74	BOOK	7.27
878	pname_689_	pdesc_697_697_69	BOOK	8.20
882	pname_4	pdesc_180_180_1	BOOK	5.60
884	pname_190_	pdesc_89_89_89_89	BOOK	8.14
885	pname_26_2	pdesc_973_973_973_	BOOK	13.68
886	pname_28	pdesc_943_943_943_	BOOK	11.08
888	pname_8	pdesc_732_732_732	BOOK	12.15
890	pname_910_	pdesc_311_311_311_	BOOK	8.56
897	pname_791	pdesc_918_918_9	BOOK	11.72
898	pname_8	pdesc_392_392_392_3	BOOK	8.74
899	pname_250	pdesc_103_103_103_10	BOOK	13.19
900	pname_187	pdesc_873_873_873_87	BOOK	10.73
903	pname_436	pdesc_497_497_497_49	BOOK	4.25
904	pname_482	pdesc_238_238_2	BOOK	13.15
909	pname_68_6	pdesc_114_114_114_1	BOOK	5.64
912	pname_2	pdesc_118_118_118_1	BOOK	8.85
914	pname_9	pdesc_559_559_55	BOOK	10.32
915	pname_872	pdesc_94_94_94_94_94	BOOK	10.61
917	pname_903	pdesc_647_647_647_	BOOK	8.78
918	pname_722_	pdesc_419_419_41	BOOK	5.98
919	pname_41	pdesc_501_501_501_	BOOK	8.07
921	pname_6	pdesc_544_544_544	BOOK	8.17
928	pname_52_	pdesc_320_320_320	BOOK	9.01
931	pname_56	pdesc_774_774_774_7	BOOK	11.12
936	pname_18_	pdesc_862_862_8	BOOK	6.04
937	pname_130_	pdesc_938_938_938_9	BOOK	13.90
938	pname_379	pdesc_584_584_584_5	BOOK	9.89
939	pname_7	pdesc_697_697_69	BOOK	8.31
942	pname_9	pdesc_478_478_478_4	BOOK	13.06
945	pname_99	pdesc_437_437_437_43	BOOK	8.03
946	pname_873_	pdesc_606_606_606_6	BOOK	10.20
947	pname_462	pdesc_718_718_718_7	BOOK	7.40
951	pname_4	pdesc_737_737_737_73	BOOK	11.75
952	pname_433_	pdesc_563_563_563_	BOOK	8.33
955	pname_33	pdesc_736_736_736	BOOK	12.11
959	pname_1	pdesc_334_334_334_3	BOOK	15.17
964	pname_679_	pdesc_421_421_421_	BOOK	8.33
965	pname_472	pdesc_204_204_2	BOOK	13.54
968	pname_567	pdesc_270_270_270	BOOK	8.39
969	pname_1	pdesc_748_748_748_7	BOOK	16.23
970	pname_4	pdesc_946_946_9	BOOK	3.41
974	pname_77	pdesc_997_997_99	BOOK	12.56
975	pname_47	pdesc_903_903_90	BOOK	9.83
982	pname_87	pdesc_167_167_167_16	BOOK	13.85
989	pname_725	pdesc_307_307_30	BOOK	11.85
990	pname_71	pdesc_808_808_8	BOOK	8.05
992	pname_70	pdesc_854_854_854_8	BOOK	11.64
995	pname_41	pdesc_804_804_8	BOOK	6.70
996	pname_26	pdesc_749_749_74	BOOK	9.51
999	pname_5	pdesc_784_784_7	BOOK	3.45
89	pname_91	pdesc_337_337_33	MOVIE	12.44
90	pname_76	pdesc_686_686_686	MOVIE	8.41
96	pname_795	pdesc_338_338_338_3	MOVIE	12.25
97	pname_13	pdesc_805_805_805_	MOVIE	9.01
98	pname_321	pdesc_688_688_688	MOVIE	14.98
99	pname_621_	pdesc_531_531_531_	MOVIE	8.67
105	pname_648	pdesc_326_326_326	MOVIE	8.30
305	pname_1	pdesc_272_272_272	MOVIE	9.50
307	pname_389	pdesc_108_108_108	MOVIE	8.15
309	pname_940_	pdesc_454_454_4	MOVIE	13.37
314	pname_93	pdesc_515_515_515_51	MOVIE	11.91
315	pname_1	pdesc_388_388_388	MOVIE	10.55
316	pname_5	pdesc_171_171_17	MOVIE	4.95
318	pname_19_	pdesc_238_238_2	MOVIE	10.00
510	pname_4	pdesc_113_113_11	MOVIE	8.38
511	pname_983	pdesc_906_906_906_9	MOVIE	12.89
515	pname_78	pdesc_298_298_2	MOVIE	12.53
518	pname_513	pdesc_848_848_848	MOVIE	10.33
630	pname_590_	pdesc_229_229_22	MOVIE	11.81
739	pname_8	pdesc_900_900_900_9	MOVIE	9.11
741	pname_2	pdesc_967_967_96	MOVIE	12.60
742	pname_82	pdesc_45_45_45_45	MOVIE	9.10
837	pname_260	pdesc_648_648_6	MOVIE	7.08
838	pname_167	pdesc_46_46_46_	MOVIE	9.79
842	pname_82	pdesc_144_144_144_1	MOVIE	10.20
844	pname_24	pdesc_900_900_900_9	MOVIE	7.59
847	pname_93	pdesc_485_485_485_	MOVIE	13.59
986	pname_8	pdesc_110_110_110_1	MOVIE	12.70
988	pname_3	pdesc_807_807_807_	MOVIE	7.08
993	pname_12	pdesc_766_766_766	MOVIE	12.96
994	pname_22_2	pdesc_358_358_358	MOVIE	5.67
997	pname_279_	pdesc_775_775_77	MOVIE	8.54
\.


--
-- Data for Name: details; Type: TABLE DATA; Schema: public; Owner: ter
--

COPY details (ordid, pcode, qty) FROM stdin;
835	4	1
435	406	1
1517	860	1
1742	764	1
587	303	1
1590	303	1
727	860	1
8	213	3
1633	741	1
800	584	1
1637	454	1
1071	66	1
1437	853	1
1971	71	1
848	497	1
1365	13	1
1471	720	1
602	451	1
1695	3	1
1032	76	1
1741	603	1
917	592	1
743	924	1
1217	789	1
892	392	1
17	212	1
1228	661	1
1624	86	1
359	943	1
425	766	1
1046	24	1
1319	8	1
1201	541	2
134	847	1
37	113	1
457	447	1
124	638	3
1779	491	1
1023	552	3
1657	311	1
939	375	1
1565	930	3
795	332	3
254	151	1
3	371	1
1199	398	1
122	611	1
213	724	1
1326	451	1
267	770	1
1607	931	1
995	88	1
752	285	1
1202	708	1
466	987	1
1761	698	1
1881	130	1
1554	354	1
1394	564	1
1999	9	1
739	693	1
1418	466	1
825	5	3
384	458	1
82	13	1
592	102	3
183	135	1
1653	450	1
1004	130	1
22	421	1
1253	32	1
493	970	3
1645	767	1
1695	365	1
1496	271	1
513	470	3
1410	818	1
720	842	1
1285	575	1
1715	264	1
821	117	1
1677	805	1
689	122	1
1300	795	1
88	241	1
20	454	1
120	180	1
361	682	1
528	205	1
1363	361	1
1280	634	2
1136	834	1
1181	368	1
728	445	1
890	117	1
370	490	1
120	349	2
1841	120	1
620	165	1
1306	836	1
1363	886	1
1331	359	1
164	380	1
1963	236	1
422	824	1
1393	209	1
989	450	1
498	225	1
528	769	1
1927	190	1
1327	946	2
1346	947	1
1491	723	1
689	346	1
497	537	1
801	89	1
1398	906	1
585	706	1
798	991	1
449	961	1
74	279	1
1617	694	3
1062	297	2
501	975	1
1701	545	1
1576	899	1
382	852	1
1196	743	1
882	631	1
523	148	1
1423	785	1
983	590	1
1855	997	1
853	11	1
214	157	1
1246	227	1
855	381	1
1981	785	1
1732	310	1
309	932	1
1124	898	1
1288	950	1
1289	688	1
693	107	2
58	127	1
1660	672	1
1992	531	1
274	971	1
621	676	1
635	883	2
1554	500	1
1678	229	1
763	312	1
1694	838	1
1489	453	3
565	543	1
1497	885	3
1879	130	1
1320	430	1
292	809	1
1089	982	1
72	628	1
417	698	1
1811	698	1
695	715	1
1910	702	1
411	204	3
790	97	1
1251	695	1
1051	408	1
1163	962	1
1520	695	1
850	426	2
1002	33	1
903	75	1
483	442	1
1811	200	1
333	12	1
649	548	1
1450	396	1
188	564	2
137	810	1
869	43	1
1937	616	1
72	465	1
73	134	1
1999	18	1
1046	118	1
1708	983	1
576	196	1
860	52	1
1651	628	1
1481	242	1
1024	97	1
1151	251	1
766	835	1
817	617	3
768	159	1
357	925	3
977	549	1
773	401	1
463	807	1
1000	544	1
372	774	1
1239	950	2
1157	74	1
357	712	2
1189	908	1
1966	903	1
1099	655	1
318	180	1
696	449	1
1606	409	3
643	933	1
1238	607	1
1502	835	1
495	739	1
820	918	1
1195	621	1
1699	629	1
237	976	1
743	471	1
545	464	1
364	773	1
300	393	1
893	260	1
742	628	1
1009	38	1
1510	743	1
819	875	1
745	161	1
1088	928	1
1800	779	1
789	410	1
123	107	1
398	974	1
1850	678	1
930	629	1
789	366	1
1062	61	1
817	719	1
1927	511	1
236	111	1
1241	395	1
905	234	1
1743	112	1
984	157	2
199	310	1
17	826	1
134	351	1
1641	832	1
1281	606	1
1480	595	2
1012	229	1
1347	995	1
483	37	1
1789	932	1
329	407	3
1501	608	1
350	17	1
462	902	1
441	129	1
709	445	1
1255	597	1
958	687	1
1147	648	1
781	402	1
757	267	1
959	754	1
649	514	1
81	669	2
141	55	1
1286	983	1
1639	948	1
897	426	1
1324	311	1
1008	224	1
1334	647	1
578	647	1
183	590	1
365	580	1
1891	424	1
255	291	1
1626	59	1
79	989	1
609	194	3
55	847	1
1946	121	1
948	832	1
1625	586	1
333	235	1
1353	26	1
96	749	1
1479	306	1
229	32	1
1463	70	2
559	948	1
35	816	1
636	33	1
357	106	1
49	827	2
706	160	1
1657	473	1
138	929	1
1848	502	1
511	608	1
226	991	1
1312	634	1
565	629	1
856	717	1
1566	797	1
1884	604	2
852	409	1
800	460	1
1354	859	1
1219	80	1
695	167	1
937	424	1
631	137	1
1616	818	1
686	367	1
1571	42	1
1154	172	1
462	281	1
206	180	1
1220	759	1
10	463	1
356	959	1
1323	922	1
1503	648	1
776	123	1
243	726	1
1824	148	1
1331	617	2
1813	690	1
577	152	1
1394	208	1
1897	243	1
1807	377	1
737	453	1
327	790	1
1114	618	1
1760	911	1
1536	375	1
1218	253	1
823	118	1
1206	379	1
732	889	1
490	686	1
204	958	1
1308	804	1
784	576	1
1081	758	1
1840	771	1
767	213	1
262	618	1
497	974	1
503	96	1
1813	305	1
352	232	3
1426	397	1
275	926	1
1362	783	1
1507	123	1
1271	578	1
1563	295	1
1479	477	1
1699	739	1
1915	797	1
1834	37	2
1055	576	1
779	759	2
40	493	1
1839	606	1
1601	863	1
1237	213	1
908	34	1
899	411	2
694	691	1
362	915	1
876	68	1
1699	920	1
1213	998	1
1610	228	1
1888	50	1
1086	641	1
591	251	1
1012	87	1
221	40	1
801	616	1
1149	277	1
1893	109	1
1958	75	1
1512	931	1
1796	389	1
1539	982	1
1336	364	1
1931	322	1
1853	56	1
1396	138	1
1653	756	2
1532	15	1
752	407	1
474	940	1
776	710	3
1332	517	1
1937	844	1
227	718	1
496	131	1
388	744	1
1025	895	1
744	605	1
768	323	3
1892	790	1
478	612	1
561	203	1
1946	269	1
913	773	1
38	678	1
433	192	1
1138	116	1
847	472	1
871	359	1
1160	577	1
273	377	1
1860	657	1
990	475	1
865	834	1
341	553	1
1240	477	3
1598	299	1
1809	309	1
461	388	1
112	269	1
287	875	1
707	75	1
768	149	3
1875	437	2
1767	958	1
1146	889	1
1907	494	1
537	451	3
858	749	1
1250	328	1
91	891	1
845	272	1
516	68	1
1448	921	1
187	798	1
1215	130	1
1310	980	1
1239	440	1
433	800	1
758	346	1
1102	161	1
1099	374	2
1778	517	1
1115	594	1
1190	475	1
197	905	1
1088	816	1
1491	794	1
1356	253	1
145	930	1
984	526	2
1413	51	1
1170	476	1
265	313	2
4	584	1
1337	907	3
118	826	1
1140	32	1
1073	802	1
376	672	1
51	492	1
1160	463	1
593	105	1
1522	221	1
1816	104	2
1494	295	1
1686	455	1
783	607	1
1655	89	1
1990	526	1
672	284	1
245	222	1
280	560	2
1146	297	1
826	504	1
1852	286	1
1166	367	1
29	121	1
122	859	1
212	537	1
1130	317	1
844	765	1
408	850	1
1902	600	2
289	759	1
649	691	1
412	141	1
1057	761	1
1582	229	2
1398	282	1
262	600	1
1689	495	1
184	702	1
172	93	1
1897	494	1
1179	316	1
110	671	1
495	796	1
1569	538	1
1428	66	1
1089	378	2
1425	784	3
1510	44	1
355	94	1
657	117	1
1332	781	1
889	875	1
687	172	1
1716	464	1
1577	263	1
573	722	1
334	322	2
1574	453	1
579	40	1
227	83	1
693	331	1
774	591	2
1441	112	1
1919	851	1
1230	302	1
1774	70	1
347	520	1
1087	197	1
1275	788	1
1236	134	1
809	999	1
401	624	1
1562	412	1
630	728	1
222	859	1
1146	595	1
85	522	1
1442	693	1
1487	894	1
1416	208	1
1935	546	1
363	902	1
1044	529	1
1867	888	1
1260	658	1
80	320	1
1935	878	1
1287	662	1
1427	905	2
1014	226	1
394	899	1
1454	194	1
457	694	1
1443	917	3
1148	861	1
422	517	1
184	358	3
1545	925	1
1151	922	1
95	475	1
1882	518	1
809	497	1
883	670	1
576	569	3
413	499	1
791	992	1
1518	361	1
692	438	1
656	498	2
73	112	1
383	72	2
1173	919	1
317	819	1
115	369	1
1924	517	1
1868	248	1
1468	822	1
1299	680	1
632	416	1
316	364	1
213	123	1
1239	168	1
1114	176	3
1824	985	1
559	808	1
334	48	1
751	994	1
1170	263	3
1713	57	1
391	154	1
1435	704	3
205	644	1
1657	877	1
486	719	2
1182	994	1
1185	688	1
657	649	1
1910	65	1
744	172	1
429	163	1
1654	857	1
837	943	1
108	107	1
482	156	1
1602	697	1
983	740	1
1999	641	1
1884	146	1
601	99	2
1736	812	1
706	122	1
1337	46	1
1037	880	1
1894	487	1
793	721	1
1171	81	1
1576	717	1
1455	829	1
308	452	1
834	733	1
1683	206	2
86	553	1
709	478	1
1548	75	1
1278	444	1
876	513	1
388	172	1
449	591	2
1918	978	1
1046	594	1
1646	133	1
929	983	1
1933	365	1
472	717	1
171	921	1
661	568	1
575	4	2
1356	618	1
872	48	1
1785	795	1
1346	986	1
1368	189	1
768	767	3
1917	376	1
579	911	1
706	822	1
1087	721	1
1424	516	1
999	533	1
293	617	1
264	279	1
180	316	1
540	803	1
194	135	3
17	288	1
450	799	1
1037	780	1
1083	31	1
1854	678	1
832	322	1
1094	162	2
550	9	1
1262	618	1
116	375	1
1112	242	1
58	968	1
1628	911	3
226	672	1
164	453	1
602	868	1
987	961	1
1678	969	1
1982	331	1
1505	517	1
1451	126	1
1997	893	1
1372	42	1
1687	288	1
679	424	1
559	585	1
1440	876	1
190	220	1
1983	344	1
1915	298	3
1259	324	2
1099	846	1
297	578	1
1661	582	1
1679	538	2
551	13	1
1946	644	1
1027	872	1
1450	806	1
1146	621	1
1742	663	1
957	405	1
213	952	1
330	820	1
1333	235	1
387	265	1
367	296	1
911	162	1
1319	154	1
266	883	1
164	688	1
559	205	1
1121	700	1
1105	111	1
1079	258	1
455	722	1
575	86	2
359	826	1
133	527	1
411	242	1
71	859	1
84	68	1
1026	290	1
1077	436	3
135	843	1
806	87	1
977	356	1
1523	249	1
1484	248	1
1923	518	1
445	811	3
494	851	1
265	604	1
1251	602	1
1234	742	1
1656	748	1
267	164	1
1732	904	2
637	568	1
884	656	1
395	653	1
374	978	1
253	853	1
1139	117	2
976	105	1
1171	317	2
1431	479	1
1920	866	1
832	698	1
1685	850	1
1008	831	1
1590	173	1
1238	245	1
594	133	1
1415	277	2
1393	754	1
1352	669	1
18	244	1
1630	422	1
1161	945	1
1592	828	2
403	5	1
1861	227	1
538	414	1
367	770	1
1336	89	2
1698	488	1
1917	934	1
939	893	1
123	91	2
1598	406	1
61	412	1
3	617	2
601	475	1
1943	636	1
1205	384	1
787	381	1
875	889	1
655	516	1
547	769	1
595	270	1
199	80	1
1614	65	1
1974	804	1
360	353	1
1478	726	2
1836	629	1
808	884	1
334	961	1
1997	583	1
457	715	1
1320	583	1
712	162	1
755	60	1
1757	591	1
386	655	1
546	523	2
1454	781	1
36	305	1
1934	497	1
407	764	1
1729	402	2
1525	59	1
137	920	1
1315	604	1
272	445	1
723	704	1
1031	240	1
1050	451	1
1018	126	1
1100	854	1
1713	140	1
708	773	1
1216	891	1
626	389	1
1272	745	1
1619	833	1
1158	562	1
396	929	3
1154	167	1
1002	257	3
17	647	3
1202	135	3
959	260	3
1868	797	1
1630	833	1
457	515	1
1365	531	3
1005	678	1
1813	629	1
1091	771	1
546	286	1
973	699	1
1048	526	1
1058	784	3
737	90	1
1540	186	1
1903	742	3
147	605	1
1150	94	2
1485	475	1
724	259	1
912	112	1
388	945	1
1466	72	3
2	139	1
1362	331	1
1491	425	1
1314	432	1
489	53	1
167	866	1
867	84	1
1198	376	1
848	558	1
242	644	1
157	559	1
1721	657	1
1577	244	1
1143	23	1
716	110	1
1558	278	1
1339	993	1
758	662	1
1822	194	1
305	436	1
1765	123	1
721	26	1
1433	261	2
1661	569	1
937	169	1
1736	464	1
1761	784	1
1026	750	1
1619	848	2
488	270	1
141	110	1
69	608	1
26	637	1
1623	645	1
419	967	1
1658	523	3
1395	500	1
1902	936	1
887	268	1
365	234	1
1028	725	1
467	948	1
151	198	1
1986	521	1
1621	914	1
597	339	1
822	8	3
1116	722	1
805	229	1
1805	75	1
908	155	1
1414	428	1
1571	157	1
1797	226	2
1551	853	1
379	778	1
826	393	1
1121	905	1
1111	43	1
531	89	1
65	914	1
1194	343	1
1466	429	1
249	627	1
1206	21	1
720	983	1
1751	335	1
1320	488	1
996	225	1
760	848	1
1272	733	1
1309	918	1
866	411	1
227	612	1
1447	203	1
376	406	1
142	686	1
89	94	1
1423	413	1
1421	554	1
1358	399	1
897	147	1
1556	452	1
725	922	1
1347	291	1
735	192	1
211	504	1
676	729	1
834	754	1
8	904	1
1822	282	1
1927	179	1
668	708	1
1813	731	1
141	565	1
121	696	1
413	253	1
1904	1	1
673	595	1
248	19	1
1329	945	1
1469	318	1
614	649	1
190	952	1
1509	669	1
935	568	1
97	89	1
223	271	1
252	146	1
576	607	1
1216	778	3
162	543	1
1078	459	1
900	383	1
1569	34	1
1434	107	1
1998	276	1
908	550	2
193	1000	1
357	814	1
704	227	1
1332	624	2
103	34	1
735	354	1
1296	17	1
1383	20	1
1171	492	1
956	369	1
1000	786	1
1864	562	3
1613	614	1
1305	596	1
1189	630	1
75	180	1
1144	430	1
1981	325	1
1323	351	1
1593	778	1
1979	772	1
863	920	1
690	876	1
1581	968	1
582	257	1
1616	977	1
1810	670	1
790	421	2
1952	58	1
1345	657	3
1059	982	1
1590	172	1
623	914	1
312	434	1
1583	830	1
99	23	1
649	106	1
1703	502	1
1177	195	1
1289	721	1
943	15	1
386	254	1
1047	730	1
1013	673	1
376	693	3
86	610	1
543	398	1
788	328	1
1114	680	1
329	426	1
1060	402	1
819	878	1
1587	688	1
1902	223	1
1695	874	1
731	597	1
15	397	1
149	441	1
129	149	1
767	283	1
1709	655	1
768	633	1
1985	257	1
820	470	1
1286	358	1
583	900	1
526	160	1
1956	570	1
949	948	1
490	902	1
1583	386	1
894	533	1
374	232	1
1381	974	1
1667	770	1
402	754	1
1416	549	1
1266	61	1
1469	797	1
80	700	1
1250	887	1
692	888	1
1503	611	2
826	935	1
1009	89	1
1271	684	1
1803	305	1
825	771	1
69	104	1
1355	504	1
560	230	1
92	374	1
861	234	1
703	625	1
616	900	1
332	510	1
1832	535	1
404	539	3
1802	282	2
185	653	1
1039	977	2
1054	30	1
1555	63	1
1136	819	1
1353	825	1
1254	457	1
797	604	1
170	905	1
151	249	1
1168	733	1
214	271	1
221	944	1
488	11	1
432	496	2
1019	436	1
1814	819	1
1888	205	1
1006	675	1
1386	366	1
1290	46	1
534	508	1
1786	814	2
323	269	1
401	927	1
601	515	1
1782	101	1
873	550	1
55	752	1
1746	604	1
1585	311	1
1900	680	1
865	890	1
383	304	1
17	366	1
1667	829	1
541	886	1
1133	350	1
97	840	1
568	520	1
1170	550	1
559	901	1
1738	436	1
1166	943	1
997	777	1
1627	276	1
1659	642	1
1517	5	1
1076	708	1
1584	499	1
1467	375	1
620	666	1
1920	261	1
1884	960	1
748	816	2
1269	860	1
1092	843	1
1994	340	1
407	661	1
1991	675	1
578	390	3
828	485	1
878	337	1
830	430	3
799	449	2
1446	453	1
1274	672	1
208	700	1
668	320	1
1842	56	1
1362	768	1
521	922	1
1600	884	1
1940	853	1
1488	835	1
983	21	1
1561	957	1
3	762	1
1537	487	1
547	84	1
986	392	1
1284	101	1
422	449	1
788	344	1
1730	307	1
1720	166	1
1483	989	1
1641	838	1
1797	674	1
143	508	1
975	488	1
825	202	1
825	785	1
1992	123	1
1150	705	1
299	243	1
1808	11	1
789	706	1
1228	372	3
241	47	1
1591	30	1
801	777	1
1253	397	1
642	521	1
1107	942	1
3	604	1
37	52	1
78	800	1
180	29	1
1808	46	1
1026	937	1
651	451	1
1055	388	1
1479	448	1
562	197	1
1980	925	1
1203	758	1
1280	441	1
786	782	1
1048	755	1
865	319	1
1377	569	1
1434	201	1
152	785	1
628	932	1
289	530	1
191	540	1
1937	601	1
390	540	1
7	412	1
451	351	1
1485	3	1
1957	758	1
531	533	1
438	790	1
1546	654	1
1259	785	1
1287	245	1
162	66	1
660	997	1
1023	670	1
1001	761	3
1269	402	1
1670	219	1
1599	303	1
1641	428	1
1044	235	1
1536	971	2
1006	693	1
1112	137	1
1273	659	1
533	646	1
1662	409	1
53	773	1
1565	305	1
1723	451	2
847	563	1
611	359	1
430	516	1
643	40	2
276	109	1
1031	533	1
79	842	3
1589	999	1
632	567	1
1453	397	1
912	599	1
459	112	1
89	349	1
970	670	1
989	863	2
1862	902	1
293	226	2
573	428	3
1067	319	2
1527	763	1
1885	820	1
788	892	2
399	61	1
1395	641	1
1603	805	1
802	399	1
1709	734	1
259	140	1
179	979	1
54	487	1
1815	967	1
13	228	1
1467	263	1
1061	404	1
1735	820	1
577	868	1
650	235	1
1573	769	2
997	899	1
914	22	3
808	876	1
583	847	1
1855	927	1
1605	758	1
1632	834	2
345	503	3
1766	783	1
670	974	1
1211	749	1
716	15	1
562	520	1
1749	561	1
988	213	3
1532	17	1
672	694	2
936	882	1
1356	647	1
1502	366	1
46	451	1
535	207	1
875	613	3
1891	436	1
187	297	1
838	421	1
1830	350	1
321	258	1
869	851	1
305	524	1
257	202	1
1401	676	1
1504	32	1
109	504	1
388	667	1
1611	476	1
1939	752	1
1919	426	3
133	266	1
827	850	1
287	104	3
895	785	1
941	418	1
830	274	1
880	607	1
736	241	1
812	332	1
238	974	3
647	763	1
410	136	1
158	532	1
1882	927	1
720	339	1
475	50	1
313	48	2
377	383	1
1134	344	1
82	115	1
688	747	1
827	995	1
1831	538	1
1063	759	1
1994	627	1
1896	526	2
628	697	1
1619	151	1
307	73	1
1200	697	1
1940	121	1
1801	976	3
1863	636	2
1943	4	1
9	571	1
1440	916	1
308	182	1
1260	102	1
1882	818	1
275	244	1
664	885	1
1584	296	1
320	640	1
21	463	1
1161	814	1
659	64	1
542	256	1
1800	619	1
342	6	1
106	975	1
819	830	1
806	819	3
1767	852	1
1391	730	1
489	720	1
370	793	1
1359	422	1
103	223	1
896	520	1
1689	726	1
464	739	2
1833	638	1
552	692	1
1838	924	1
1991	453	1
1780	174	1
308	4	2
257	161	2
1587	651	1
298	71	1
540	706	1
1724	346	3
1706	146	1
323	498	1
1647	749	1
1128	413	1
1627	49	3
1010	346	3
1287	207	1
1397	154	1
1677	690	1
1286	12	1
1210	364	1
1642	567	1
1546	842	1
413	896	1
708	526	1
375	214	1
567	585	1
337	513	1
1509	991	1
1469	904	1
1684	902	3
524	529	1
716	284	1
111	273	1
296	332	1
1673	538	1
427	450	3
1458	180	1
192	695	1
1531	836	1
288	48	2
719	597	2
162	561	1
570	742	1
1173	663	1
1282	556	1
1276	396	2
709	52	1
1005	840	1
1477	303	1
287	396	3
1998	416	1
1503	11	1
504	600	1
1279	940	1
1885	108	1
683	283	1
1100	199	1
632	861	1
489	360	1
1700	466	1
1317	105	1
1935	361	1
23	588	1
1774	710	1
521	14	1
1293	286	1
1042	828	1
853	117	1
789	193	1
1873	758	1
65	848	1
19	760	1
1659	783	1
270	201	1
962	956	1
1921	636	1
1709	333	1
345	505	1
830	11	1
861	102	1
1067	897	1
1122	191	1
848	644	1
1739	697	1
1004	16	1
1923	799	1
562	991	1
1858	162	2
742	489	2
1555	951	2
658	651	1
440	203	1
1447	557	1
759	806	1
1697	22	1
1888	858	1
981	736	1
400	351	1
1329	656	1
1169	79	1
1740	566	2
296	4	1
546	884	1
233	694	1
876	940	3
1348	675	1
1800	849	1
881	847	1
1274	46	1
252	406	2
8	443	2
316	757	1
1626	986	2
342	894	3
769	739	1
272	315	1
732	928	1
531	824	1
1066	791	1
139	953	1
972	290	1
804	567	1
931	13	1
830	41	1
1541	34	1
1955	661	1
809	419	1
960	113	1
1897	256	1
1071	403	1
1708	775	1
533	587	1
1316	175	1
247	446	1
913	975	1
1516	930	3
153	311	1
813	160	1
879	358	1
1048	529	1
1735	213	1
1268	390	1
1609	398	1
126	235	1
947	858	1
1048	517	1
454	598	1
172	842	2
683	698	1
981	380	1
255	112	1
1610	135	1
1715	186	1
1369	708	1
1014	623	1
1385	113	1
777	573	1
808	842	1
1735	70	1
268	529	1
1013	471	3
1288	309	1
864	449	3
792	416	1
1693	540	1
484	596	2
172	831	1
414	733	1
1877	281	1
1097	151	1
386	95	1
545	543	1
759	753	1
1320	728	1
867	566	1
741	113	1
750	469	1
464	625	1
1112	916	1
1130	476	1
1550	973	1
153	227	1
1835	575	1
309	256	1
1742	129	1
170	104	1
761	702	1
1826	174	1
861	682	2
870	319	1
350	594	1
1761	240	1
435	434	1
471	277	1
597	622	1
853	187	1
56	620	1
1321	305	1
1692	896	1
1236	937	1
1445	776	1
82	924	1
1784	482	1
476	685	1
1051	653	1
1401	755	1
631	286	1
1239	118	1
1315	286	1
1614	657	3
288	75	1
145	750	1
358	714	1
144	472	1
1567	290	1
1971	603	2
618	351	2
500	564	1
758	79	1
100	810	1
1313	744	1
292	150	1
1456	915	1
338	625	1
1083	748	1
1097	913	1
897	20	1
707	87	1
37	973	1
1364	741	1
1966	740	1
1514	268	1
1899	347	1
1249	670	1
1685	183	1
1663	681	1
1164	540	1
94	219	1
782	613	1
481	302	1
585	237	2
1053	787	1
1294	798	1
918	404	2
1024	636	1
139	622	2
627	24	1
829	72	1
1134	357	1
955	952	1
1544	718	1
1178	25	1
609	465	3
834	597	1
520	219	1
1194	937	1
1512	727	2
1323	718	1
1077	196	1
777	603	3
216	504	1
906	969	1
1036	785	1
1130	900	1
1349	317	1
414	841	1
283	970	1
1219	146	1
1835	477	1
963	591	1
1930	534	1
1372	792	1
1744	935	1
1814	26	1
1912	918	1
1131	49	1
1624	629	1
928	718	1
1524	605	1
1388	561	1
589	820	1
979	906	1
617	323	1
917	819	1
1845	985	1
544	185	1
1078	138	1
1846	716	1
504	377	3
188	735	1
1530	554	1
261	325	1
1107	980	1
778	258	1
1280	949	1
97	3	1
1096	622	1
869	808	1
1428	770	1
54	777	1
242	882	1
887	864	1
630	418	1
1745	560	1
696	987	1
1763	594	1
1682	823	1
792	57	1
1091	760	2
335	933	1
648	768	1
688	438	1
1837	412	1
590	690	1
1688	245	1
935	925	1
1275	983	1
749	734	1
716	414	1
1725	116	1
62	312	1
1739	232	1
1562	695	1
757	492	1
1653	49	1
631	79	1
488	861	1
315	530	1
133	167	1
1146	256	1
1562	734	1
903	39	1
1234	936	1
1259	227	1
1575	917	1
780	996	1
1987	542	1
285	147	1
619	287	1
510	765	1
643	643	1
1562	395	1
1415	173	1
905	692	1
1611	68	1
879	545	1
742	905	1
1019	573	1
1553	102	1
591	254	1
1495	521	1
177	856	1
417	614	3
742	206	1
603	61	1
1308	668	2
277	423	1
1327	836	3
1455	687	1
885	947	1
74	49	1
90	82	1
731	37	1
1011	558	1
470	397	1
152	151	1
848	853	1
1414	830	1
1423	777	1
1157	63	1
1199	821	1
1309	70	2
381	440	1
1354	674	1
1195	285	1
1138	898	1
1725	647	1
780	874	1
685	644	1
668	780	1
1299	842	1
1677	147	1
995	797	1
680	75	1
189	354	1
841	868	1
659	676	1
1153	388	1
1853	483	1
1744	343	1
1333	38	1
799	344	1
1852	82	2
33	356	1
1961	916	1
1730	796	1
550	43	1
1364	613	1
1007	866	1
1254	303	3
1489	321	1
223	341	1
1332	545	1
606	338	1
1213	525	1
37	11	1
727	661	1
1943	260	1
992	676	1
1241	254	1
1457	769	1
915	586	1
1625	837	1
511	511	1
227	968	1
1643	589	1
1550	962	1
481	890	1
1446	127	1
316	80	1
213	556	1
433	476	1
1949	139	1
1533	191	1
1628	535	1
1151	988	1
1667	472	1
511	182	1
152	24	1
1957	756	1
219	807	2
756	401	1
1867	319	1
1750	802	1
1832	149	1
1684	504	1
1295	57	1
425	637	1
1248	779	1
1970	11	1
142	985	1
467	720	1
360	385	1
1726	539	1
1733	252	2
229	123	1
1397	189	1
706	326	1
1240	791	1
278	919	1
289	535	1
1048	580	1
1471	356	1
742	870	1
830	577	1
781	728	1
33	332	1
1769	43	1
417	837	1
782	981	2
719	953	1
1380	95	1
713	183	1
1867	177	1
928	419	1
1663	120	1
1172	94	1
1335	514	2
1578	960	3
1228	115	1
1017	791	1
774	607	2
1019	367	1
636	284	1
1099	506	1
1143	162	1
1634	253	1
355	634	1
1906	635	1
729	48	1
1672	649	1
778	896	3
1945	170	2
1173	34	1
648	387	1
1381	518	2
1039	216	1
145	105	1
1635	543	1
498	219	2
1295	25	1
172	251	1
1756	729	1
448	615	1
1475	795	1
1276	938	1
455	340	1
1605	524	1
153	663	2
1340	554	1
1640	303	2
1616	812	1
1760	756	1
1217	268	2
880	723	1
1546	398	1
1271	707	2
218	492	2
884	799	1
1684	949	1
1680	347	1
1539	178	1
1034	820	1
1426	308	2
144	779	1
1538	824	2
181	231	1
806	125	1
676	656	1
1086	767	1
443	687	1
1134	284	1
1921	657	1
818	951	1
670	649	1
880	867	1
1759	707	1
1899	973	1
1861	989	1
1365	334	2
1001	453	1
1470	746	1
1107	620	1
1551	975	1
1326	812	1
585	608	1
1457	529	1
782	208	1
797	51	3
1216	790	2
617	422	2
1195	705	1
1806	746	1
1018	733	2
782	775	1
1949	534	1
1140	610	1
949	904	1
175	377	1
1062	371	1
964	753	1
1388	605	1
1069	551	1
256	231	1
1019	821	1
598	347	1
778	266	2
722	806	1
707	852	1
258	698	1
1386	987	1
654	315	1
1880	684	1
743	539	1
890	339	1
174	303	1
1941	829	1
1141	709	1
1065	660	1
1572	632	1
1125	499	1
721	159	1
1117	41	1
1734	841	3
1528	996	1
593	213	1
1435	585	1
1000	489	1
1686	475	1
1024	29	1
1884	342	1
1273	358	1
1637	746	1
685	870	1
987	204	1
1310	110	1
361	147	1
621	912	1
80	30	1
65	263	1
485	641	1
1203	773	1
1630	679	1
1079	567	3
234	833	1
1837	148	1
1263	395	3
687	873	1
1186	913	3
265	926	1
585	66	1
1911	196	1
1781	707	1
253	477	1
1460	976	1
1890	784	1
1058	65	1
1746	316	3
1804	628	1
1566	309	1
587	170	1
1113	14	1
1603	204	1
1528	58	1
1616	779	1
932	365	1
1347	876	1
1051	646	1
1557	882	1
1679	830	1
1316	394	1
589	453	1
1421	298	1
1403	484	1
905	88	1
1394	578	1
1488	204	1
1217	899	1
472	510	1
1118	32	1
955	685	2
590	222	1
1423	157	2
615	252	1
1197	350	1
496	853	3
417	687	1
1567	399	1
520	914	1
1707	883	1
508	587	1
1593	419	1
1475	144	1
1624	809	1
650	411	1
1146	791	1
1313	449	1
412	902	1
263	206	3
1039	2	1
976	178	1
985	577	2
1318	784	1
1686	682	1
169	988	1
1574	324	1
663	195	1
1059	735	1
1869	322	1
1379	501	1
517	63	1
1697	289	2
708	918	1
649	560	1
138	239	1
1213	809	1
48	263	1
1023	211	1
1506	891	1
1313	566	1
702	160	1
901	895	1
74	766	2
1812	403	1
1744	467	1
511	847	1
1353	307	3
48	80	1
773	559	1
418	987	1
1427	9	1
1348	432	1
1088	728	1
1134	480	1
1693	389	1
1670	796	1
1958	350	1
1441	948	1
699	521	1
1283	850	1
613	81	2
1779	479	1
247	99	1
907	54	1
290	40	2
778	946	1
1906	465	1
525	271	1
909	452	2
566	239	1
1008	317	1
634	708	1
1945	453	1
632	16	1
953	827	1
395	94	1
593	553	1
319	588	1
1929	93	1
1027	852	1
739	192	1
1010	607	1
1934	842	1
820	306	1
1186	594	1
1601	177	1
1206	968	1
1559	498	1
1903	533	1
330	577	1
1241	937	1
1147	615	1
766	819	3
1578	539	1
533	27	1
326	216	1
252	236	1
1976	202	1
1545	369	1
1844	606	1
1794	561	1
1012	78	1
555	10	1
1325	274	1
477	93	1
732	14	2
1934	560	1
1444	301	1
433	445	2
1472	383	1
1340	100	1
31	665	1
345	343	3
692	771	1
1569	299	1
672	279	1
793	309	1
1726	45	1
369	815	1
729	354	1
771	990	1
1898	946	1
1183	114	1
1120	279	1
728	640	2
1082	607	1
1538	489	1
1264	231	1
1660	605	1
426	29	1
1857	780	1
867	705	3
1019	444	1
450	178	1
988	210	1
1377	599	1
458	90	1
295	902	1
1633	628	1
502	277	1
632	166	1
833	710	1
445	210	2
303	271	1
506	593	1
1661	837	1
503	836	1
793	747	2
1271	65	1
1539	858	1
498	756	1
1544	189	1
1845	665	2
69	507	1
858	14	1
1035	698	1
210	640	1
1199	157	1
1241	710	3
973	862	1
1981	964	3
339	73	1
1957	102	1
786	280	1
1191	469	1
1541	998	1
1129	199	1
1625	625	1
112	111	1
1026	188	1
371	36	1
473	194	1
1359	328	1
1262	364	1
299	245	1
808	495	1
1486	575	1
543	412	1
1327	59	1
448	212	1
1522	845	2
1839	170	1
845	677	1
1154	940	1
1727	16	1
595	725	1
1214	37	1
219	707	1
1575	136	1
1818	121	1
1189	290	1
1893	315	1
1331	855	1
1635	538	1
457	42	1
1057	787	1
1213	644	1
489	56	1
267	233	1
449	89	1
1627	518	1
1619	900	1
328	368	1
1907	633	1
1392	575	1
1734	117	1
590	828	1
286	522	3
50	832	1
1640	514	1
117	658	1
648	197	1
1645	356	1
1028	14	1
1479	817	3
1536	575	1
1570	581	1
544	165	1
1909	956	1
172	426	1
727	793	1
656	272	1
16	631	1
833	212	1
778	510	1
928	785	1
636	8	1
1605	79	1
1289	89	1
1577	429	1
964	305	1
1665	462	3
1239	823	1
1030	965	1
584	352	1
1535	28	1
687	717	1
822	320	1
733	618	3
1202	127	1
726	895	1
357	541	3
255	571	1
1752	701	1
1664	337	2
1058	548	1
963	158	1
1224	820	1
226	228	1
1545	323	1
1151	141	1
1687	151	1
1178	495	1
1266	685	1
1597	638	1
815	311	1
1526	27	1
1786	90	1
1178	315	3
1499	77	1
1035	995	1
375	595	1
125	662	1
187	273	1
1577	106	1
1984	609	1
1584	741	1
929	210	1
1949	800	1
1720	24	1
757	285	1
270	909	1
1496	91	1
409	27	1
880	750	1
1853	686	1
816	669	1
1424	624	1
794	135	2
653	149	1
1422	288	1
1921	303	1
213	798	1
313	83	1
762	326	1
341	614	1
538	958	1
148	143	1
1849	164	1
1274	187	1
1909	935	1
1355	870	1
520	384	1
1672	972	1
358	810	1
1346	772	2
1979	220	1
45	892	3
1771	995	1
1244	668	1
169	410	1
1540	109	1
887	28	1
1762	343	1
1866	360	1
1799	180	1
123	922	1
1808	496	1
318	896	1
36	177	1
720	631	3
1037	643	1
338	140	1
1104	525	1
1068	265	1
894	737	1
306	600	1
1770	847	3
175	300	1
174	625	1
570	456	1
95	262	1
416	274	1
1894	507	1
1478	884	2
1301	702	1
895	780	1
1978	801	2
1840	282	1
1270	887	1
423	612	1
288	970	1
519	871	1
1718	81	1
262	567	1
1996	679	1
1384	42	1
1795	596	1
1828	811	1
1442	914	1
1336	345	1
847	415	1
772	714	1
1593	956	1
1454	90	1
524	53	1
664	701	1
1217	812	1
1378	207	1
1197	403	1
155	330	1
225	798	1
1074	702	1
599	286	2
1645	114	1
373	904	1
1427	323	1
1578	986	1
1541	463	1
1578	279	1
1945	531	1
615	824	1
1648	421	2
1684	439	1
844	759	1
1568	546	1
174	579	1
1657	130	1
1060	626	1
109	654	1
630	601	1
303	494	1
994	776	1
894	17	1
545	162	1
976	1	3
1197	914	2
1710	321	2
379	331	1
1560	129	2
997	747	1
1870	382	1
1032	302	1
295	226	1
225	359	1
1950	689	3
1993	568	1
659	446	1
565	568	1
1761	658	1
773	959	1
815	837	1
711	36	1
966	192	1
1448	270	2
1101	5	1
808	783	1
261	713	1
1677	871	1
432	535	1
282	44	1
852	453	1
676	527	1
1861	127	1
911	548	2
1473	620	1
877	917	1
917	60	1
1474	874	1
308	257	1
1994	260	1
831	531	1
59	181	1
227	236	1
89	615	1
274	269	1
1589	283	1
563	562	1
738	820	1
1365	765	1
1748	88	1
654	189	1
210	203	1
79	604	3
1020	314	1
44	995	1
362	933	1
529	509	1
208	591	1
1672	345	1
4	298	1
1156	398	1
1784	349	1
1660	818	1
122	473	1
716	170	1
978	114	1
1529	19	1
276	134	3
570	794	1
53	178	1
1494	15	1
1752	606	1
1745	34	2
1475	498	1
159	625	1
650	663	3
431	894	1
321	619	1
823	33	1
1844	23	1
1668	976	1
172	858	1
1364	226	1
1140	539	1
257	720	1
1562	708	1
190	985	1
367	655	1
1343	260	1
801	97	1
520	974	1
525	185	1
103	846	1
1624	782	1
750	664	1
1663	430	1
265	261	1
826	623	1
1500	195	1
1041	462	2
253	174	1
1715	189	1
325	190	1
1040	930	1
60	885	1
285	868	1
1533	250	1
1234	548	1
1038	37	1
43	270	1
559	213	1
1635	510	1
164	164	1
1225	390	1
342	407	1
518	716	1
568	716	1
926	261	1
270	563	1
756	161	1
389	383	1
1064	405	1
1359	507	1
1406	72	1
388	738	1
376	590	1
854	23	2
1434	906	2
1795	815	2
1006	280	1
1259	181	1
592	256	1
1337	683	2
1937	143	1
752	6	1
1882	437	1
736	681	1
1986	153	3
605	81	1
1833	1	1
396	249	1
1555	135	2
713	639	1
451	245	3
1833	478	1
1010	436	1
779	128	1
1328	133	2
1985	826	1
1084	191	1
1241	461	1
731	733	1
1337	447	1
478	824	1
1517	584	1
744	911	1
1316	668	1
902	70	1
532	660	1
625	900	1
797	623	1
954	800	1
1762	698	1
1361	645	1
1947	470	1
127	199	1
912	883	1
370	912	1
251	585	1
1657	305	1
1233	913	1
137	275	1
1376	146	1
1504	858	1
468	270	1
328	893	1
1644	305	1
912	688	1
250	998	1
1298	124	1
86	788	1
1080	168	1
157	79	1
1969	392	1
1808	867	1
704	65	1
640	909	2
1507	566	1
683	420	1
512	436	2
1349	924	1
345	583	1
1516	73	1
207	192	3
409	602	1
1787	827	1
1049	958	1
696	287	1
431	192	1
548	292	1
197	988	3
1408	827	1
509	864	1
1878	13	1
1814	463	1
349	350	1
1680	320	1
250	623	1
1776	740	1
1035	167	2
399	556	1
1594	618	1
1654	312	1
307	782	1
1052	369	2
500	347	1
1459	210	1
78	28	3
1835	341	1
1072	393	1
32	936	1
109	973	1
1755	260	1
1322	762	1
1851	101	1
731	528	3
1043	215	1
36	281	2
470	280	1
1054	302	1
1961	231	1
1906	132	1
680	206	1
855	259	2
1736	836	1
373	816	1
1527	423	1
899	859	1
1593	489	1
804	230	1
1786	502	1
1332	847	1
883	623	1
255	991	1
998	683	1
163	675	1
435	904	1
1820	375	1
1302	105	1
1986	266	1
1840	520	1
991	817	1
957	138	1
935	582	1
1225	88	1
663	196	1
714	495	3
566	141	1
788	412	1
739	447	1
172	759	1
964	227	1
442	186	1
1995	295	1
1133	391	1
1353	859	1
43	337	1
526	333	1
215	716	1
999	606	1
1290	571	3
1535	735	1
126	571	1
662	531	1
1355	54	1
816	963	1
1343	208	1
196	154	1
1828	825	1
217	221	1
1445	46	1
1423	811	1
638	68	1
1126	401	1
1321	489	1
1589	562	1
890	698	1
58	535	1
1662	454	1
470	412	1
559	377	1
1596	984	1
1669	70	1
685	960	1
1557	609	1
1353	819	1
163	418	1
1331	224	1
515	754	1
133	530	1
1446	721	1
1152	153	1
593	866	3
1135	967	1
206	635	1
549	558	1
719	312	1
220	719	1
1622	776	1
307	136	1
144	314	1
169	941	1
1526	629	1
756	934	1
462	634	3
364	905	2
1437	888	1
1885	605	1
258	989	1
1867	202	1
92	38	1
775	976	1
694	247	1
602	825	1
1986	292	1
1451	967	1
62	180	1
1613	319	1
920	115	1
551	283	1
913	626	1
452	311	1
1670	543	1
1772	304	1
984	746	1
367	854	1
357	120	1
994	486	1
1120	815	1
688	649	1
134	256	2
505	879	1
1195	612	1
1732	425	1
298	307	1
1162	358	1
42	921	1
1199	856	1
1715	208	1
1630	207	1
1354	735	1
1804	310	1
1287	609	1
615	864	1
635	944	1
1029	549	1
600	540	1
1569	204	1
995	874	1
1244	419	1
370	93	1
1841	508	2
1893	522	1
567	933	1
1466	797	1
1881	30	2
1944	749	1
418	874	1
1771	393	1
1070	347	1
1815	419	2
1509	542	1
537	589	1
685	682	1
1985	120	1
1500	307	1
149	47	1
588	674	1
381	398	1
822	333	1
159	720	1
926	926	1
1910	486	2
309	960	1
67	811	1
1227	516	1
1060	440	1
461	465	1
411	301	1
755	49	1
498	491	1
848	442	1
1049	395	1
1622	472	1
579	548	1
670	92	1
134	479	1
863	769	1
1521	163	1
1402	145	2
964	282	1
1615	312	3
866	921	1
515	796	2
1166	325	1
1884	501	1
1928	501	1
1708	628	1
1986	786	1
1089	397	1
565	298	2
1778	182	1
1580	690	1
284	334	1
1837	86	1
734	559	1
1145	43	1
1892	317	1
1402	485	1
729	279	1
1175	119	1
1888	822	1
628	351	1
1613	896	1
875	771	1
1365	620	1
434	374	1
956	850	1
1415	756	1
1679	550	1
1236	946	1
1670	789	1
1212	58	1
691	701	1
1052	195	1
659	559	1
1388	817	1
570	152	1
1437	329	1
282	268	1
220	790	2
1762	130	1
266	853	1
709	655	1
218	827	1
1912	574	2
988	897	2
650	282	1
959	307	1
1513	141	1
1122	91	1
1769	275	1
737	508	1
543	569	1
1654	999	1
265	723	1
77	78	1
1755	648	2
1533	289	1
250	533	1
672	681	1
1021	910	1
1404	991	1
626	205	1
1594	646	1
1392	472	1
1293	882	1
1344	327	1
894	98	1
474	158	1
235	869	1
893	450	1
1252	262	1
1907	467	1
187	311	1
1185	184	2
177	687	1
404	112	1
610	509	1
369	531	1
1956	61	1
224	802	1
1471	13	3
707	697	1
204	473	1
376	798	1
1256	157	1
1718	670	1
1749	529	1
790	845	1
634	380	1
1450	271	1
69	246	1
472	642	1
784	657	1
175	473	1
1372	778	1
336	582	1
602	672	1
918	412	1
1499	57	1
44	53	1
1308	618	1
1866	745	1
1076	571	1
1315	794	3
919	175	3
385	841	1
696	57	1
182	192	1
373	840	1
1488	807	1
1472	633	1
1750	851	3
378	126	1
610	140	1
1675	806	1
1382	994	1
385	657	2
454	696	1
1042	507	1
484	391	1
655	420	1
160	897	1
241	251	1
1773	101	1
988	833	1
740	54	1
1993	447	1
1793	228	1
1116	176	1
1157	958	1
688	279	1
382	798	3
1357	796	2
832	444	1
123	747	1
719	145	1
1041	750	1
954	194	1
396	632	1
1796	911	1
264	280	1
1924	931	1
826	430	2
311	21	1
1167	676	1
932	497	1
1155	849	1
140	176	1
999	455	1
1064	674	1
95	984	1
1422	865	1
774	670	2
1210	477	2
150	45	3
825	206	1
1335	824	1
1094	714	1
551	905	1
761	568	1
1642	382	1
295	793	1
1087	99	1
1574	874	1
446	62	1
60	462	1
1529	915	1
1635	463	1
271	233	1
151	844	1
687	143	1
1695	753	1
253	588	1
1079	756	1
1173	166	1
1677	522	1
1675	700	1
732	581	1
1908	51	1
440	898	1
1451	286	3
528	623	1
1787	480	1
1269	571	1
1745	156	2
1284	18	1
1058	649	1
1481	236	1
1548	996	1
465	224	1
621	648	1
1912	486	1
1386	708	1
1410	423	1
1137	104	1
1574	805	1
1616	688	1
1419	48	1
1517	962	3
464	945	1
1585	580	1
1638	900	3
1582	874	2
1851	39	1
709	162	1
475	492	3
147	445	1
924	21	1
155	789	1
893	674	1
1108	455	1
390	313	1
938	228	2
1931	452	1
1906	926	1
1700	184	1
1517	485	1
1036	238	1
889	641	1
1892	583	1
1997	531	1
1280	355	1
1511	104	1
342	617	1
1611	408	1
1503	351	1
651	654	2
1786	800	1
334	324	1
1247	917	1
1661	973	1
650	664	1
1285	59	1
39	610	1
902	570	3
603	790	1
386	441	1
1770	798	1
688	760	1
358	154	1
743	858	1
1815	468	1
1159	541	1
494	872	1
1559	681	1
391	64	1
443	607	1
1308	367	1
1994	449	1
1389	639	1
1881	712	1
1869	732	1
1055	502	2
1308	268	1
1982	631	2
688	839	1
1781	414	1
815	178	1
1950	129	1
1878	962	1
617	15	1
1140	217	1
698	422	2
411	634	1
95	307	1
602	19	1
827	134	2
946	357	1
980	570	1
1798	3	1
1006	22	1
820	129	1
1261	658	1
40	989	1
377	814	1
1197	178	1
1564	763	1
391	78	3
255	267	1
849	807	1
676	783	1
1012	485	1
1138	62	1
639	707	3
630	215	1
868	550	1
1166	760	1
1348	803	1
114	56	1
1628	999	2
1327	501	1
1661	818	3
1127	747	1
1247	629	1
1125	496	3
503	789	1
1300	835	1
1968	923	1
1002	970	1
1734	295	1
441	537	1
1776	424	1
817	498	1
1608	919	1
478	925	1
394	15	1
1671	449	1
299	350	1
629	755	1
562	48	1
1792	529	1
110	959	1
1953	148	1
1930	389	1
307	722	1
454	966	1
1537	152	1
1466	907	1
1439	936	1
1338	647	1
1091	667	2
446	309	1
1092	565	1
1683	740	1
1482	217	3
1819	562	3
466	210	2
988	18	1
1824	562	1
958	296	1
861	866	1
1293	483	2
320	286	3
1021	237	1
1813	379	1
508	183	1
961	767	1
1343	383	1
48	690	2
30	307	1
1386	688	1
1930	179	3
1307	405	1
192	719	1
1154	833	1
133	606	1
1879	734	1
239	733	1
79	850	1
116	884	1
1285	360	1
1306	436	1
615	940	1
517	921	1
759	248	1
487	462	2
1765	691	1
1678	539	1
841	182	1
1770	224	1
813	403	1
701	718	1
67	521	1
798	854	1
1070	227	1
1214	937	3
1966	677	1
673	690	1
760	270	1
1108	743	1
821	904	1
612	737	1
237	811	1
141	669	1
1204	659	1
540	443	1
1806	588	1
52	624	1
1569	670	1
1617	231	1
96	335	1
1947	959	1
1742	180	1
1001	444	1
1835	408	1
630	645	1
661	560	1
1889	359	1
1454	829	1
837	488	1
464	101	2
726	312	1
572	256	1
500	911	1
868	438	2
468	408	1
1425	926	1
375	680	1
1391	355	1
832	463	3
1437	409	1
1625	270	1
760	862	1
1467	533	1
1184	64	1
254	564	1
282	58	1
1007	828	1
1737	95	1
1449	50	1
446	223	1
1669	811	1
651	65	1
665	481	1
243	395	1
803	576	1
1085	265	1
341	376	1
1626	55	1
376	545	1
15	50	1
1171	971	1
1764	950	2
372	543	1
1639	12	1
877	275	1
1242	245	1
1038	165	1
513	866	1
19	607	3
1238	752	1
815	962	1
720	67	1
400	408	1
1830	870	2
1583	933	1
1411	724	1
658	10	1
182	414	1
143	651	1
1103	105	1
161	252	1
1338	405	1
713	937	2
1297	935	1
1022	749	1
1502	516	1
148	343	1
66	588	1
149	692	1
1448	961	1
1042	184	1
777	828	1
1130	331	1
34	277	1
1482	802	3
22	681	1
1071	957	1
1858	225	1
274	27	1
140	463	1
1001	467	1
1783	119	1
909	577	1
1717	86	1
981	629	1
797	625	1
1297	209	1
477	172	1
1511	980	1
1302	342	1
200	174	1
1641	575	1
1861	250	1
1319	289	1
1336	913	3
613	349	1
1414	41	1
980	191	1
1242	636	1
21	36	1
1460	449	1
1972	532	1
1782	849	1
1721	859	1
1320	840	1
732	279	1
309	366	2
1829	741	1
523	500	1
991	928	1
1108	637	1
1740	178	1
1041	890	1
661	871	3
1100	91	1
661	763	1
1303	841	1
966	263	1
1413	699	1
1000	852	1
1525	827	1
1008	38	1
1030	496	1
1487	869	1
1122	677	1
1076	823	2
1418	934	1
1800	881	1
1912	626	1
1953	829	1
164	409	1
39	183	1
1749	474	1
1064	753	2
1182	448	1
1315	890	1
1212	731	1
179	437	1
560	545	1
43	865	1
903	404	1
1132	377	2
850	520	1
1785	111	1
34	791	1
1027	861	1
386	667	2
1877	841	1
601	877	1
559	636	1
337	12	1
1180	953	1
1805	327	1
1902	873	1
949	902	1
1205	224	1
155	676	1
1747	513	1
1323	981	1
986	772	1
127	779	1
957	983	1
750	958	1
1012	323	1
913	487	3
1681	114	1
186	730	1
825	292	1
1597	43	1
720	924	1
574	338	2
1642	785	1
511	623	1
1718	955	1
87	635	1
539	263	1
1682	453	1
377	484	3
1874	216	1
293	709	1
248	489	1
1955	756	1
48	486	1
480	550	1
695	703	1
1259	926	1
288	30	1
1167	244	3
1561	321	1
244	15	1
381	490	1
111	463	1
863	772	1
430	898	1
855	932	1
1748	211	1
271	141	1
433	578	1
923	950	1
136	728	1
1585	464	1
1808	694	2
777	328	1
938	571	1
1601	828	1
1567	804	1
1679	523	1
1063	258	1
564	715	1
1394	387	1
1410	460	1
1836	737	1
1653	774	1
856	168	1
1345	402	1
836	249	2
1660	268	1
157	583	2
1602	498	1
1551	539	1
695	544	1
614	922	1
1525	239	1
1555	594	1
858	91	2
385	985	1
1314	783	1
1627	237	2
1507	404	2
649	371	1
889	242	1
442	276	1
1806	81	1
1694	103	1
481	782	1
1773	438	1
1757	985	1
519	883	1
1946	668	1
943	687	1
685	135	1
364	622	1
873	561	1
586	839	1
165	181	1
508	362	1
269	422	2
134	235	1
656	724	3
660	385	1
470	753	1
192	168	1
454	247	1
582	810	1
1447	220	1
267	157	1
1823	727	1
51	192	1
1293	287	1
1767	298	1
760	738	1
1445	726	1
966	420	1
1499	934	1
178	734	1
1902	358	1
1306	207	1
644	434	1
1803	307	1
1230	182	1
1656	213	1
427	226	1
1502	173	1
1242	167	1
991	701	1
1468	617	1
752	1000	1
1823	255	1
956	722	2
387	434	1
1439	361	1
1110	819	1
273	77	1
1199	682	1
1528	225	1
857	417	3
752	607	1
1937	985	1
724	725	1
1927	725	1
1869	419	1
758	824	1
505	124	1
36	392	1
1553	510	1
1990	871	1
1864	735	1
1532	707	1
1440	79	1
1134	374	1
1356	549	1
1799	74	1
738	52	1
1807	368	1
168	68	1
333	449	2
1394	857	1
1029	997	1
1551	511	1
783	55	1
521	824	1
1554	382	1
1656	512	1
1223	357	1
1746	255	2
1804	544	1
1798	922	1
735	69	1
1993	651	1
250	359	1
835	248	1
1771	464	1
1741	316	2
105	708	1
1212	122	3
543	173	1
1445	344	1
1872	802	1
605	179	2
1103	432	2
758	325	1
1885	663	2
1126	359	1
882	487	1
777	650	1
1897	775	1
648	262	3
1208	213	1
1960	570	1
246	374	1
1465	285	1
1319	351	1
1247	194	1
135	879	1
981	721	1
1829	456	1
467	930	1
1950	924	1
1774	885	3
777	699	1
1732	601	1
34	6	1
1008	664	1
1506	206	1
415	645	1
59	804	1
1681	93	1
835	902	1
1548	867	1
666	984	2
215	659	1
886	979	1
1019	305	2
469	247	1
1608	107	2
1658	510	1
263	780	1
280	365	1
1539	165	3
821	409	3
526	968	1
817	861	1
1706	6	1
894	928	1
1483	835	1
1909	853	1
204	349	1
594	679	2
1554	893	1
1126	58	1
301	365	1
82	638	1
1076	197	1
740	1	1
150	267	1
345	704	3
630	836	1
1257	313	1
642	758	1
1921	373	1
28	76	1
408	630	1
922	675	1
428	199	1
1145	779	3
791	557	1
1925	541	1
129	646	1
340	567	1
536	358	1
594	901	1
766	317	2
1441	502	1
270	93	1
562	427	1
1873	102	1
989	20	1
1015	34	2
1276	242	1
36	806	1
383	509	3
1423	830	1
1837	919	1
825	616	1
1677	837	1
195	964	1
618	262	1
108	741	1
1999	636	1
1138	133	1
1016	880	1
1938	395	1
34	816	1
1596	841	1
1878	112	1
1596	616	1
1445	19	1
390	480	1
1331	293	1
1703	319	1
133	937	1
1770	654	1
694	804	1
1576	886	1
382	55	1
100	659	1
1757	649	1
1131	975	1
1379	672	1
462	828	1
1103	6	1
1526	764	1
817	185	1
1321	66	1
1818	977	1
1229	401	1
1677	724	1
907	552	2
237	866	1
977	57	2
1933	648	1
99	726	1
1797	509	1
1578	918	1
99	886	1
1391	758	2
762	63	1
40	329	1
541	86	2
780	275	1
1307	297	1
184	544	1
249	5	1
1260	312	1
927	922	1
52	122	1
1804	576	1
1173	478	1
1395	542	1
526	194	1
1417	466	1
1305	691	1
554	519	1
926	304	1
537	413	1
1235	34	1
60	150	1
1825	161	1
433	178	1
916	209	1
625	622	1
1406	7	1
1496	392	1
469	388	1
428	334	1
1502	340	1
1731	100	1
1869	216	1
1907	122	2
645	724	1
902	594	1
1495	703	2
178	746	1
574	134	1
376	820	1
1044	446	1
894	88	1
676	740	1
1584	936	1
1779	517	1
241	399	1
844	301	1
1149	625	1
1190	281	1
1874	28	1
1757	912	1
761	33	1
341	888	1
799	918	1
449	181	1
335	846	2
774	235	1
785	124	1
1757	728	1
1702	910	1
577	499	1
1880	841	1
460	77	1
1159	95	1
1657	26	1
78	117	1
852	891	1
1823	701	1
1362	483	2
1605	540	3
695	336	1
1204	287	1
1928	180	1
83	438	1
203	64	1
260	820	1
1849	323	1
1908	589	1
415	391	1
1068	571	1
1770	677	1
659	644	1
1699	207	1
1542	252	1
977	880	1
1159	180	1
1997	909	1
686	74	1
1826	367	1
1550	710	1
1707	324	1
574	538	1
1976	151	1
1705	720	1
109	387	1
1283	191	1
263	633	1
757	920	1
307	484	1
1086	759	1
175	387	1
1020	844	1
1330	842	3
1534	678	1
1370	231	1
1447	734	2
67	250	1
1262	991	1
824	892	1
1161	732	1
1861	91	1
1703	967	1
669	885	1
1030	790	1
391	570	1
1848	763	1
1562	629	1
720	598	1
1741	777	1
1002	208	1
85	514	1
507	175	1
1989	246	1
1574	899	1
218	928	1
1126	224	2
570	894	1
1855	914	1
1822	732	1
572	576	1
791	495	1
356	312	1
1452	641	1
870	892	1
242	580	1
826	991	1
215	229	1
1672	952	1
376	857	1
196	721	3
154	155	1
1856	727	1
1912	927	1
616	380	1
64	140	2
540	785	1
641	359	2
329	857	3
310	853	1
365	450	1
439	475	1
952	609	1
1223	568	1
1429	314	1
277	20	1
1539	384	1
1727	869	1
401	204	1
590	894	1
1926	7	1
643	937	1
1470	614	1
842	656	1
1239	970	1
273	225	1
1031	979	1
1414	465	1
683	124	1
1359	108	1
1059	522	1
545	680	1
233	141	1
1882	846	1
1555	415	1
287	368	1
206	118	1
865	719	1
1467	465	1
985	94	1
689	461	1
500	277	2
1103	11	3
361	635	1
217	142	1
693	936	1
1400	441	1
959	784	1
1933	139	1
368	878	1
606	994	1
1989	15	1
1956	299	3
1101	702	1
1132	682	1
1011	52	1
56	421	1
1586	493	2
261	279	1
168	263	1
1173	486	1
1644	761	1
1611	365	1
1188	473	3
1882	502	1
564	930	2
671	13	1
1246	702	1
1538	951	1
116	723	1
1854	587	2
338	20	1
1638	316	1
1737	516	1
86	712	1
1018	450	1
42	986	1
313	89	1
677	245	1
1740	585	1
526	257	1
1749	268	1
1881	618	1
413	938	1
710	823	1
460	656	1
84	47	1
1772	897	2
1271	784	1
458	616	2
1337	23	1
1664	153	1
387	22	1
160	111	2
801	423	1
1160	692	1
1122	667	1
1710	546	1
185	25	1
1253	311	2
273	687	1
718	152	1
1252	809	1
1691	475	1
341	879	1
790	980	1
1640	656	1
1330	257	1
640	823	1
25	438	1
1884	545	1
1117	700	1
1086	766	1
1223	142	1
1964	898	1
778	830	1
1339	118	1
930	384	1
1624	288	1
585	258	1
713	898	1
401	672	1
1044	422	1
228	474	1
1109	833	1
1856	56	1
638	787	3
1947	975	1
1688	166	1
1044	831	1
1505	244	1
115	948	1
830	667	3
102	493	2
1958	310	1
916	338	1
369	565	1
1473	346	1
1119	594	1
63	136	1
477	671	1
1467	268	1
872	188	1
1972	196	3
109	974	3
309	295	2
1014	647	1
1200	791	1
400	58	1
170	780	1
798	554	1
701	124	1
138	724	1
1736	584	1
115	702	1
1911	755	1
874	203	1
1607	913	1
1419	347	1
704	448	1
499	243	1
927	896	3
724	829	1
1377	660	1
327	14	1
432	851	1
172	862	2
619	452	1
1731	85	1
90	529	1
1080	441	2
459	454	1
1041	777	1
1971	899	1
448	721	1
1148	378	1
1829	435	1
1489	370	1
143	526	2
889	113	2
1829	198	1
1464	674	1
1999	408	1
645	27	1
71	766	1
1260	317	3
262	960	1
1105	184	1
1883	737	1
73	872	1
1702	226	2
1559	231	1
915	654	1
982	51	1
307	253	1
1903	355	1
882	340	1
1162	826	1
1952	698	1
404	16	3
174	34	1
1031	910	1
1971	719	1
765	901	1
746	359	1
1849	635	1
1554	923	1
204	934	1
656	131	1
815	391	1
270	383	1
1331	390	1
41	748	1
685	232	1
371	204	1
1361	919	2
186	864	2
1370	767	1
1771	724	1
1438	890	1
1986	217	1
1410	950	1
1584	286	1
1686	621	1
1047	731	1
1418	460	1
635	561	1
1174	117	1
968	743	1
868	686	1
670	806	1
1183	539	2
1452	224	1
1710	869	1
1598	205	1
1008	786	1
384	766	1
167	115	1
1399	28	1
362	1	1
353	456	1
1829	595	1
637	992	1
1294	919	1
1216	775	1
1803	954	1
1053	855	1
581	4	1
1632	131	1
1807	645	1
929	846	1
1999	609	1
673	814	1
68	310	1
1542	83	1
1063	353	1
1153	7	1
605	46	2
1073	416	1
1555	486	1
1076	105	1
1633	219	1
\.


--
-- Data for Name: invoices; Type: TABLE DATA; Schema: public; Owner: ter
--

COPY invoices (invid, ordid, amount, issued, due) FROM stdin;
1	1105	29.58	2016-04-03	2016-04-10
2	1992	29.03	2016-05-16	2016-05-23
3	1329	15.27	2016-09-01	2016-09-08
5	212	4.26	2015-08-18	2015-08-25
7	1557	16.55	2016-09-04	2016-09-11
8	629	3.89	2015-12-15	2015-12-22
9	248	26.83	2015-01-24	2015-01-31
10	755	25.48	2016-08-17	2016-08-24
11	1108	28.17	2016-09-15	2016-09-22
14	1088	28.70	2016-08-05	2016-08-12
16	893	40.17	2016-03-19	2016-03-26
17	737	28.12	2016-07-10	2016-07-17
18	94	13.87	2015-10-18	2015-10-25
20	793	47.16	2015-10-09	2015-10-16
22	635	44.51	2015-01-23	2015-01-30
23	333	37.54	2015-11-18	2015-11-25
25	672	44.32	2016-09-16	2016-09-23
28	1705	11.85	2015-12-01	2015-12-08
29	48	50.15	2015-09-24	2015-10-01
31	298	19.78	2016-02-12	2016-02-19
32	1524	13.42	2016-04-19	2016-04-26
34	1066	10.04	2016-05-30	2016-06-06
36	1854	23.75	2016-05-09	2016-05-16
37	4	27.75	2016-02-13	2016-02-20
39	42	20.87	2015-02-01	2015-02-08
41	1507	35.64	2015-10-24	2015-10-31
43	370	41.89	2016-04-13	2016-04-20
44	590	39.43	2016-07-18	2016-07-25
47	439	9.31	2016-04-29	2016-05-06
48	1956	28.91	2016-02-26	2016-03-04
51	382	57.48	2015-06-14	2015-06-21
52	732	64.86	2015-11-22	2015-11-29
53	1283	19.12	2015-08-10	2015-08-17
57	1135	12.38	2015-02-13	2015-02-20
58	86	37.79	2015-08-29	2015-09-05
59	709	51.02	2015-08-05	2015-08-12
60	1332	54.39	2016-02-02	2016-02-09
63	923	8.46	2015-12-31	2016-01-07
65	1455	20.99	2016-08-27	2016-09-03
66	1554	54.42	2015-03-26	2015-04-02
67	1736	48.50	2015-10-29	2015-11-05
69	268	7.72	2015-09-26	2015-10-03
71	966	30.61	2016-01-30	2016-02-06
72	1060	23.62	2015-07-20	2015-07-27
73	765	19.01	2015-04-15	2015-04-22
74	1706	17.45	2015-09-14	2015-09-21
76	1031	38.10	2015-06-30	2015-07-07
79	386	47.60	2016-02-23	2016-03-01
81	143	37.24	2015-08-04	2015-08-11
82	1053	21.63	2016-03-20	2016-03-27
84	1797	41.48	2016-04-11	2016-04-18
85	1444	15.17	2016-06-03	2016-06-10
86	91	13.59	2015-01-15	2015-01-22
87	338	27.07	2015-06-05	2015-06-12
89	713	53.66	2015-10-25	2015-11-01
90	506	12.98	2015-04-07	2015-04-14
91	1162	17.52	2015-09-12	2015-09-19
93	1526	33.05	2015-10-03	2015-10-10
97	1355	20.69	2015-04-16	2015-04-23
98	391	68.18	2015-08-20	2015-08-27
101	1483	27.10	2016-02-23	2016-03-01
102	746	10.13	2015-07-04	2015-07-11
104	1317	8.30	2015-12-23	2015-12-30
106	1184	10.56	2015-02-22	2015-03-01
107	856	18.72	2015-09-08	2015-09-15
110	69	45.02	2015-12-20	2015-12-27
111	422	35.09	2015-03-27	2015-04-03
113	233	20.45	2016-01-28	2016-02-04
114	1022	12.76	2015-09-14	2015-09-21
115	417	63.68	2015-12-05	2015-12-12
118	924	11.16	2015-02-07	2015-02-14
119	292	21.48	2016-02-20	2016-02-27
120	1323	46.34	2015-12-20	2015-12-27
121	1451	47.35	2015-11-18	2015-11-25
124	1503	47.72	2015-08-21	2015-08-28
130	1122	34.66	2015-12-19	2015-12-26
131	1169	6.24	2016-04-17	2016-04-24
132	1443	26.34	2015-03-04	2015-03-11
134	1725	18.14	2016-06-16	2016-06-23
135	1516	56.20	2015-04-16	2015-04-23
136	984	40.65	2016-02-14	2016-02-21
137	1597	20.83	2015-08-10	2015-08-17
138	1675	20.13	2015-11-27	2015-12-04
139	1999	57.45	2015-11-10	2015-11-17
140	451	38.08	2016-04-11	2016-04-18
141	726	21.63	2016-09-09	2016-09-16
145	1532	18.73	2015-08-13	2015-08-20
146	1497	41.04	2016-08-11	2016-08-18
147	550	17.44	2015-01-25	2015-02-01
148	1742	38.16	2016-07-06	2016-07-13
149	20	10.34	2015-11-13	2015-11-20
150	1614	39.24	2015-10-26	2015-11-02
151	1046	28.43	2016-06-18	2016-06-25
152	97	36.90	2016-04-23	2016-04-30
153	915	13.75	2016-07-17	2016-07-24
155	1241	60.38	2016-05-26	2016-06-02
156	513	34.58	2016-09-18	2016-09-25
157	1632	37.29	2015-01-13	2015-01-20
158	782	55.05	2015-07-19	2015-07-26
161	1156	11.82	2016-07-18	2016-07-25
162	976	39.73	2016-03-03	2016-03-10
163	1327	92.93	2016-02-02	2016-02-09
164	523	14.82	2015-12-15	2015-12-22
165	656	76.42	2015-06-28	2015-07-05
166	228	10.25	2016-05-19	2016-05-26
170	1850	9.51	2016-05-27	2016-06-03
171	205	9.44	2016-02-21	2016-02-28
173	957	27.17	2015-03-28	2015-04-04
175	1695	34.82	2016-06-21	2016-06-28
176	125	9.50	2015-06-25	2015-07-02
178	49	23.04	2016-02-13	2016-02-20
179	1957	36.47	2016-03-10	2016-03-17
180	575	31.28	2016-04-09	2016-04-16
181	389	10.12	2015-06-21	2015-06-28
182	722	9.13	2015-05-15	2015-05-22
183	300	10.02	2015-09-14	2015-09-21
185	853	21.27	2016-09-27	2016-10-04
186	1985	32.44	2016-06-15	2016-06-22
187	250	34.26	2015-05-13	2015-05-20
190	524	12.80	2016-09-16	2016-09-23
191	147	24.73	2015-05-06	2015-05-13
192	935	20.59	2016-05-23	2016-05-30
193	1823	32.56	2015-02-26	2015-03-05
194	525	19.70	2016-06-27	2016-07-04
196	2	8.68	2016-08-31	2016-09-07
199	1036	11.11	2016-09-11	2016-09-18
201	1282	8.98	2016-07-26	2016-08-02
203	721	16.52	2016-01-09	2016-01-16
204	861	60.99	2015-03-26	2015-04-02
206	1254	45.30	2015-02-15	2015-02-22
207	33	17.40	2015-03-03	2015-03-10
208	1089	33.59	2016-09-14	2016-09-21
209	321	28.25	2015-11-11	2015-11-18
212	980	13.49	2016-07-06	2016-07-13
215	1133	21.60	2016-06-02	2016-06-09
217	1591	13.76	2015-12-25	2016-01-01
218	902	35.64	2015-03-22	2015-03-29
219	1499	26.66	2016-04-24	2016-05-01
223	749	13.26	2015-04-17	2015-04-24
224	1224	13.42	2015-12-11	2015-12-18
225	236	14.35	2015-05-31	2015-06-07
228	698	23.62	2015-06-03	2015-06-10
229	483	19.81	2015-10-31	2015-11-07
231	1930	45.14	2016-06-09	2016-06-16
232	188	28.08	2015-07-18	2015-07-25
244	67	31.99	2015-01-11	2015-01-18
245	1238	29.27	2015-06-11	2015-06-18
246	472	23.83	2016-08-20	2016-08-27
249	1974	9.21	2016-09-18	2016-09-25
251	1881	64.61	2015-07-06	2015-07-13
252	498	49.71	2016-03-19	2016-03-26
253	1907	41.82	2015-08-06	2015-08-13
254	572	27.05	2015-05-06	2015-05-13
255	779	34.84	2016-07-28	2016-08-04
257	666	15.30	2015-12-12	2015-12-19
258	903	28.39	2015-01-21	2015-01-28
259	632	51.06	2016-05-21	2016-05-28
260	1848	28.16	2015-03-17	2015-03-24
262	785	8.98	2016-03-14	2016-03-21
264	1926	8.54	2015-05-05	2015-05-12
268	1159	35.43	2016-09-28	2016-10-05
270	551	30.86	2016-08-01	2016-08-08
273	167	18.13	2016-02-05	2016-02-12
275	261	22.85	2015-12-10	2015-12-17
278	495	20.12	2015-06-15	2015-06-22
279	1573	15.04	2015-12-04	2015-12-11
280	949	37.31	2016-01-03	2016-01-10
281	1659	19.12	2015-01-01	2015-01-08
283	552	8.55	2016-03-16	2016-03-23
285	85	16.43	2016-05-20	2016-05-27
288	1160	23.51	2016-03-05	2016-03-12
289	1911	12.44	2016-01-01	2016-01-08
291	1810	10.97	2016-02-06	2016-02-13
293	1812	7.50	2016-04-07	2016-04-14
294	1779	31.10	2016-04-10	2016-04-17
296	1463	19.10	2015-04-04	2015-04-11
297	573	22.05	2015-04-26	2015-05-03
299	226	24.40	2015-09-05	2015-09-12
300	703	9.81	2016-08-30	2016-09-06
301	255	43.72	2015-12-17	2015-12-24
302	1316	39.06	2015-02-28	2015-03-07
303	1782	25.08	2015-02-22	2015-03-01
304	614	19.56	2015-07-15	2015-07-22
305	1740	35.91	2015-05-05	2015-05-12
308	541	34.78	2015-08-08	2015-08-15
311	1845	24.45	2016-03-17	2016-03-24
312	1137	8.77	2015-04-01	2015-04-08
315	59	17.60	2015-06-17	2015-06-24
316	714	42.99	2015-03-20	2015-03-27
319	676	55.21	2015-11-09	2015-11-16
320	1013	21.98	2016-04-13	2016-04-20
321	1774	56.43	2015-10-04	2015-10-11
322	325	13.48	2015-11-19	2015-11-26
325	66	5.44	2015-09-12	2015-09-19
326	804	17.20	2016-02-17	2016-02-24
328	1898	10.20	2015-05-12	2015-05-19
329	916	33.65	2015-04-25	2015-05-02
332	1875	23.34	2015-10-26	2015-11-02
333	1279	8.67	2015-05-21	2015-05-28
334	1257	15.35	2015-05-09	2015-05-16
335	1270	11.64	2016-09-12	2016-09-19
336	317	7.62	2015-01-15	2015-01-22
343	609	44.91	2016-01-29	2016-02-05
344	277	16.98	2015-08-19	2015-08-26
347	423	3.76	2016-05-26	2016-06-02
348	1941	8.57	2016-07-10	2016-07-17
349	25	6.20	2016-04-27	2016-05-04
352	1802	17.40	2015-04-06	2015-04-13
353	758	49.13	2016-02-18	2016-02-25
357	1450	16.30	2015-01-23	2015-01-30
358	1536	40.22	2015-01-15	2015-01-22
359	661	73.74	2015-12-13	2015-12-20
360	640	21.12	2015-07-15	2015-07-22
363	1395	19.51	2016-04-18	2016-04-25
369	602	46.37	2016-02-09	2016-02-16
375	941	10.32	2016-05-17	2016-05-24
378	1855	32.84	2016-06-27	2016-07-04
379	1347	25.07	2015-02-06	2015-02-13
384	988	79.15	2015-09-28	2015-10-05
386	399	15.14	2015-09-03	2015-09-10
387	905	27.47	2016-05-08	2016-05-15
390	303	15.61	2015-06-02	2015-06-09
392	1610	19.65	2015-11-06	2015-11-13
394	743	40.94	2015-02-09	2015-02-16
396	978	10.37	2015-08-07	2015-08-14
400	1682	16.43	2015-11-05	2015-11-12
403	877	24.00	2015-08-06	2015-08-13
407	1853	36.17	2016-09-14	2016-09-21
411	1002	55.71	2016-05-07	2016-05-14
413	1288	21.83	2016-08-24	2016-08-31
415	1663	25.20	2015-04-09	2015-04-16
416	1298	8.98	2015-06-22	2015-06-29
418	1401	17.75	2015-02-27	2015-03-06
419	1897	45.62	2015-09-14	2015-09-21
421	1867	44.93	2015-10-14	2015-10-21
422	13	11.12	2015-07-30	2015-08-06
424	95	35.20	2016-01-14	2016-01-21
425	512	19.04	2016-01-26	2016-02-02
426	1213	43.30	2015-12-06	2015-12-13
427	1230	20.19	2015-11-24	2015-12-01
429	287	58.75	2015-07-15	2015-07-22
430	766	59.13	2016-07-26	2016-08-02
432	1233	6.12	2015-12-27	2016-01-03
434	1348	30.95	2015-12-31	2016-01-07
435	172	93.81	2016-08-14	2016-08-21
437	574	44.98	2016-02-21	2016-02-28
438	634	22.42	2016-03-24	2016-03-31
439	501	9.83	2015-11-28	2015-12-05
440	643	39.87	2016-09-27	2016-10-04
442	1077	37.11	2016-08-29	2016-09-05
443	597	11.72	2016-01-25	2016-02-01
447	1746	48.79	2016-05-17	2016-05-24
448	789	46.96	2015-06-27	2015-07-04
449	1931	23.96	2016-07-09	2016-07-16
450	1431	13.11	2016-05-30	2016-06-06
454	671	10.96	2016-03-23	2016-03-30
455	1660	37.25	2015-01-04	2015-01-11
456	285	16.14	2016-03-28	2016-04-04
457	218	38.89	2015-07-12	2015-07-19
460	1893	33.33	2015-11-10	2015-11-17
461	1259	49.21	2015-01-21	2015-01-28
463	1939	11.53	2015-07-06	2015-07-13
464	1338	20.90	2015-05-09	2015-05-16
465	153	42.09	2015-06-10	2015-06-17
466	1506	23.14	2016-09-27	2016-10-04
467	272	21.86	2015-12-16	2015-12-23
468	970	10.97	2015-07-11	2015-07-18
469	1700	22.13	2015-09-27	2015-10-04
470	74	35.45	2016-08-19	2016-08-26
473	283	3.41	2015-12-16	2015-12-23
477	1720	28.41	2016-03-22	2016-03-29
479	174	43.73	2015-01-03	2015-01-10
480	1062	30.76	2016-06-23	2016-06-30
481	485	5.37	2016-04-05	2016-04-12
483	301	9.45	2015-11-13	2015-11-20
484	927	63.08	2015-09-30	2015-10-07
489	1685	21.53	2015-09-04	2015-09-11
492	865	44.54	2015-09-02	2015-09-09
496	257	41.03	2015-09-21	2015-09-28
498	1783	10.68	2015-05-30	2015-06-06
501	1789	8.03	2016-04-10	2016-04-17
502	1393	29.43	2015-08-05	2015-08-12
504	377	43.09	2015-04-09	2015-04-16
505	1801	29.31	2016-07-24	2016-07-31
506	271	14.22	2016-01-21	2016-01-28
513	610	20.08	2015-11-14	2015-11-21
514	1194	24.96	2015-04-03	2015-04-10
516	378	8.33	2016-08-11	2016-08-18
518	400	31.50	2015-04-19	2015-04-26
519	1869	46.99	2015-03-27	2015-04-03
520	1968	9.63	2016-05-16	2016-05-23
523	756	29.54	2016-04-24	2016-05-01
524	473	4.79	2015-12-04	2015-12-11
525	920	8.87	2016-03-24	2016-03-31
526	542	12.76	2015-05-27	2015-06-03
530	507	14.94	2015-07-10	2015-07-17
531	1481	11.69	2016-08-27	2016-09-03
532	1619	47.76	2016-09-11	2016-09-18
536	908	44.39	2016-08-26	2016-09-02
537	1456	10.61	2015-12-02	2015-12-09
538	582	23.03	2016-08-17	2016-08-24
539	1402	32.63	2016-06-14	2016-06-21
540	206	36.07	2015-10-05	2015-10-12
541	1511	18.43	2015-11-27	2015-12-04
543	1101	22.54	2015-07-23	2015-07-30
544	1665	48.54	2015-07-12	2015-07-19
545	547	24.89	2015-02-18	2015-02-25
548	1945	50.21	2016-04-09	2016-04-16
549	217	14.85	2016-02-23	2016-03-01
550	490	25.49	2016-01-27	2016-02-03
551	1182	11.81	2016-04-08	2016-04-15
552	96	23.19	2016-02-25	2016-03-03
553	918	22.59	2016-04-04	2016-04-11
554	363	14.65	2016-05-16	2016-05-23
556	100	21.76	2016-04-27	2016-05-04
557	1544	19.50	2015-03-09	2015-03-16
560	1125	35.73	2015-08-26	2015-09-02
561	1403	8.61	2016-04-09	2016-04-16
564	1900	11.73	2016-01-20	2016-01-27
566	77	13.72	2015-11-13	2015-11-20
568	1684	72.04	2015-12-18	2015-12-25
570	75	9.70	2015-02-05	2015-02-12
572	269	23.62	2016-09-11	2016-09-18
574	911	38.13	2015-05-18	2015-05-25
575	18	4.31	2015-11-30	2015-12-07
578	1391	43.45	2016-02-02	2016-02-09
579	738	18.97	2016-09-06	2016-09-13
581	1386	51.17	2016-05-06	2016-05-13
583	884	18.29	2015-10-24	2015-10-31
586	537	47.62	2015-01-18	2015-01-25
588	1560	13.92	2016-05-14	2016-05-21
590	570	38.58	2015-08-10	2015-08-17
591	23	5.44	2016-04-15	2016-04-22
592	1482	73.50	2016-06-17	2016-06-24
593	799	37.04	2015-10-03	2015-10-10
594	977	40.20	2015-05-24	2015-05-31
595	997	34.67	2016-03-30	2016-04-06
598	1019	64.70	2016-07-04	2016-07-11
600	1472	17.76	2016-04-30	2016-05-07
601	1252	23.07	2015-01-28	2015-02-04
603	1067	35.76	2015-06-09	2015-06-16
604	1170	46.75	2015-06-11	2015-06-18
606	1469	36.09	2016-04-16	2016-04-23
608	1673	9.36	2015-06-29	2015-07-06
609	1150	36.05	2015-11-13	2015-11-20
611	497	16.82	2016-05-01	2016-05-08
616	516	10.25	2016-08-16	2016-08-23
618	160	40.42	2016-09-14	2016-09-21
619	1414	42.13	2015-03-05	2015-03-12
620	44	11.78	2016-06-11	2016-06-18
621	327	20.11	2016-02-21	2016-02-28
623	1584	42.26	2015-02-04	2015-02-11
627	275	12.67	2015-06-11	2015-06-18
632	1449	10.82	2016-09-13	2016-09-20
633	1537	13.91	2015-12-26	2016-01-02
635	1058	62.87	2015-05-20	2015-05-27
636	1107	36.24	2016-06-16	2016-06-23
638	1044	49.81	2015-09-21	2015-09-28
643	449	55.23	2015-07-01	2015-07-08
645	769	9.11	2015-08-21	2015-08-28
648	15	13.72	2015-03-01	2015-03-08
649	1651	10.32	2016-01-02	2016-01-09
650	748	15.04	2015-07-27	2015-08-03
652	164	45.50	2015-03-29	2015-04-05
653	1009	27.56	2016-04-10	2016-04-17
655	880	36.36	2015-07-11	2015-07-18
657	1820	11.04	2015-12-31	2016-01-07
659	1359	45.09	2016-08-24	2016-08-31
660	1647	12.76	2015-04-06	2015-04-13
661	1793	11.12	2016-07-04	2016-07-11
662	720	90.61	2016-06-07	2016-06-14
665	251	9.05	2016-01-13	2016-01-20
666	1167	26.79	2015-05-15	2015-05-22
669	426	10.39	2015-01-01	2015-01-08
670	1688	24.08	2015-07-17	2015-07-24
672	383	69.83	2016-09-04	2016-09-11
673	127	15.49	2016-05-22	2016-05-29
674	623	10.32	2015-08-12	2015-08-19
679	1179	4.95	2015-10-24	2015-10-31
682	1627	49.66	2015-02-22	2015-03-01
683	1249	10.97	2016-06-30	2016-07-07
686	526	44.94	2016-03-19	2016-03-26
688	162	26.68	2016-02-08	2016-02-15
689	1096	4.33	2015-07-13	2015-07-20
690	1307	18.24	2016-05-21	2016-05-28
691	227	38.30	2016-01-27	2016-02-03
692	1949	27.94	2016-06-20	2016-06-27
693	1838	12.49	2015-10-02	2015-10-09
694	183	17.26	2015-07-29	2015-08-05
695	1976	18.17	2015-09-09	2015-09-16
696	1038	19.78	2016-05-30	2016-06-06
697	415	23.29	2015-05-02	2015-05-09
698	1202	45.45	2016-04-14	2016-04-21
699	1583	38.76	2015-06-05	2015-06-12
700	983	24.98	2016-02-20	2016-02-27
701	815	49.10	2015-08-14	2015-08-21
704	211	4.17	2015-11-08	2015-11-15
705	594	59.59	2015-04-01	2015-04-08
706	110	26.03	2015-06-01	2015-06-08
708	1756	14.70	2015-10-30	2015-11-06
710	1890	11.04	2015-04-07	2015-04-14
711	242	28.25	2015-10-16	2015-10-23
712	1994	44.99	2015-11-03	2015-11-10
715	660	19.57	2015-03-27	2015-04-03
717	929	22.43	2016-06-22	2016-06-29
718	241	32.07	2016-02-18	2016-02-25
719	1049	20.78	2015-06-20	2015-06-27
720	1522	29.53	2016-07-06	2016-07-13
721	1025	9.80	2016-05-26	2016-06-02
722	1388	34.29	2015-02-19	2015-02-26
723	603	14.18	2015-03-07	2015-03-14
725	818	11.75	2015-01-17	2015-01-24
726	326	10.14	2016-09-15	2016-09-22
728	1849	42.56	2015-06-24	2015-07-01
730	225	23.53	2015-04-24	2015-05-01
731	873	23.55	2015-08-22	2015-08-29
733	1852	27.24	2016-04-18	2016-04-25
734	864	34.47	2015-01-03	2015-01-10
738	776	28.11	2015-10-30	2015-11-06
743	1198	9.31	2015-02-07	2015-02-14
744	1408	11.52	2015-06-04	2015-06-11
747	584	6.20	2015-12-30	2016-01-06
749	1121	21.48	2015-07-06	2015-07-13
750	1792	7.72	2015-08-08	2015-08-15
752	1880	15.05	2016-01-14	2016-01-21
753	1708	30.47	2015-05-04	2015-05-11
754	318	26.69	2016-05-14	2016-05-21
755	480	11.05	2015-04-06	2015-04-13
756	673	27.96	2015-04-19	2015-04-26
759	126	18.33	2015-03-27	2015-04-03
761	998	12.76	2015-06-08	2015-06-15
762	299	27.92	2015-11-04	2015-11-11
763	1550	23.41	2016-05-03	2016-05-10
764	219	12.66	2015-03-31	2015-04-07
766	540	36.23	2015-12-09	2015-12-16
769	1739	20.94	2016-04-26	2016-05-03
774	1616	44.55	2016-03-16	2016-03-23
777	1495	29.97	2016-04-01	2016-04-08
779	1174	2.34	2015-06-28	2015-07-05
780	1692	16.99	2016-02-06	2016-02-13
781	460	15.72	2016-06-10	2016-06-17
786	1608	32.47	2015-12-30	2016-01-06
788	1418	34.00	2016-07-15	2016-07-22
789	339	11.77	2016-09-05	2016-09-12
790	441	11.22	2016-09-30	2016-10-07
791	1211	12.76	2016-06-08	2016-06-15
793	591	21.43	2016-09-30	2016-10-07
795	1054	24.75	2016-06-02	2016-06-09
796	1336	66.00	2015-06-05	2015-06-12
797	394	13.76	2015-10-04	2015-10-11
799	1263	32.13	2015-05-22	2015-05-29
801	500	48.01	2015-07-28	2015-08-04
802	600	8.95	2016-09-15	2016-09-22
806	777	73.64	2015-11-02	2015-11-09
809	1856	21.27	2015-04-25	2015-05-02
810	169	33.31	2015-01-14	2015-01-21
812	136	12.17	2015-04-04	2015-04-11
814	1545	35.53	2015-08-19	2015-08-26
817	1611	40.41	2015-11-21	2015-11-28
819	1344	13.19	2016-01-21	2016-01-28
820	1814	23.81	2015-05-09	2015-05-16
822	647	13.56	2015-01-29	2015-02-05
824	1677	72.79	2016-09-22	2016-09-29
829	214	13.20	2016-01-12	2016-01-19
830	595	20.52	2015-10-17	2015-10-24
831	1376	3.88	2015-06-26	2015-07-03
833	1899	17.13	2016-07-25	2016-08-01
834	784	23.89	2016-03-02	2016-03-09
838	189	13.80	2015-08-28	2015-09-04
839	1868	17.82	2016-05-22	2016-05-29
842	1247	28.40	2015-04-27	2015-05-04
847	555	8.10	2016-04-04	2016-04-11
848	403	12.93	2015-02-02	2015-02-09
849	774	66.89	2016-05-20	2016-05-27
850	395	23.63	2016-03-05	2016-03-12
852	429	5.99	2016-05-06	2016-05-13
855	842	7.24	2015-08-17	2015-08-24
856	1464	13.13	2015-09-18	2015-09-25
857	1689	28.59	2016-07-21	2016-07-28
859	1334	10.25	2015-03-04	2015-03-11
863	1600	8.14	2016-02-12	2016-02-19
864	665	9.11	2016-09-06	2016-09-13
865	430	12.89	2015-08-25	2015-09-01
869	995	33.28	2015-07-07	2015-07-14
870	663	21.86	2016-01-09	2016-01-16
871	696	50.77	2016-03-18	2016-03-25
872	549	10.80	2015-08-23	2015-08-30
873	959	56.98	2015-11-28	2015-12-05
875	1713	18.04	2015-10-05	2015-10-12
876	1678	45.50	2015-08-13	2015-08-20
877	412	25.98	2015-03-21	2015-03-28
878	52	12.55	2015-05-07	2015-05-14
879	906	16.23	2016-07-19	2016-07-26
881	151	24.58	2015-02-04	2015-02-11
882	1208	7.91	2015-09-29	2015-10-06
886	1596	27.55	2015-10-17	2015-10-24
887	487	32.36	2016-06-08	2016-06-15
888	795	34.89	2016-04-03	2016-04-10
889	195	8.33	2015-07-27	2015-08-03
890	879	15.38	2016-07-01	2016-07-08
891	1331	66.75	2016-09-05	2016-09-12
894	1570	12.38	2016-04-28	2016-05-05
895	833	14.68	2015-02-20	2015-02-27
897	1269	29.33	2015-01-09	2015-01-16
899	445	39.83	2015-08-16	2015-08-23
901	928	30.99	2016-04-21	2016-04-28
903	10	8.81	2015-04-24	2015-05-01
904	1287	42.97	2015-12-15	2015-12-22
905	1644	17.61	2016-08-27	2016-09-03
908	410	11.64	2016-05-25	2016-06-01
909	1937	44.72	2015-03-05	2015-03-12
912	1818	21.20	2016-04-29	2016-05-06
914	335	28.18	2015-07-14	2015-07-21
915	1829	46.42	2016-06-17	2016-06-24
916	946	13.68	2015-05-27	2015-06-03
917	1484	4.88	2015-12-07	2015-12-14
918	611	10.13	2015-07-26	2015-08-02
919	1322	12.50	2015-07-11	2015-07-18
920	1822	22.46	2015-06-25	2015-07-02
921	1505	15.94	2016-08-27	2016-09-03
922	1657	52.85	2016-02-19	2016-02-26
924	1426	30.60	2015-10-21	2015-10-28
925	800	31.42	2016-07-01	2016-07-08
927	185	20.74	2015-08-01	2015-08-08
929	1546	29.30	2016-01-24	2016-01-31
931	1982	33.53	2015-06-07	2015-06-14
933	907	34.25	2016-07-02	2016-07-09
935	692	34.04	2015-02-07	2015-02-14
938	1598	23.10	2015-01-24	2015-01-31
939	1574	48.63	2016-03-18	2016-03-25
942	1007	22.09	2015-06-18	2015-06-25
943	702	7.74	2016-08-15	2016-08-22
944	159	21.66	2016-08-14	2016-08-21
946	129	19.38	2015-09-08	2015-09-15
947	402	10.04	2015-01-05	2015-01-12
953	613	35.64	2015-04-08	2015-04-15
957	1200	24.28	2015-05-25	2015-06-01
958	282	28.69	2015-01-24	2015-01-31
959	1908	17.02	2015-07-27	2015-08-03
960	1646	14.46	2016-08-15	2016-08-22
961	521	36.17	2016-07-08	2016-07-15
964	519	22.24	2015-08-09	2015-08-16
967	455	16.90	2015-09-10	2015-09-17
969	117	6.71	2015-11-13	2015-11-20
972	664	24.68	2016-07-22	2016-07-29
973	1732	48.89	2015-10-10	2015-10-17
974	817	77.36	2015-10-31	2015-11-07
976	1057	22.89	2015-11-16	2015-11-23
983	752	47.08	2015-12-16	2015-12-23
984	1630	49.38	2015-10-14	2015-10-21
985	1280	57.70	2016-08-26	2016-09-02
987	43	35.31	2016-02-24	2016-03-02
988	433	83.52	2015-12-21	2015-12-28
992	1563	7.54	2016-04-12	2016-04-19
994	1416	20.23	2015-09-17	2015-09-24
995	39	19.03	2015-02-10	2015-02-17
997	1059	39.31	2016-02-06	2016-02-13
999	615	37.67	2015-02-24	2015-03-03
1002	593	52.23	2016-02-01	2016-02-08
1006	467	36.17	2016-06-15	2016-06-22
1010	1836	29.89	2016-04-11	2016-04-18
1011	184	30.99	2015-05-31	2015-06-07
1012	1339	22.67	2015-05-24	2015-05-31
1015	1964	8.74	2016-07-09	2016-07-16
1016	1474	9.07	2016-05-20	2016-05-27
1017	1634	8.39	2015-06-30	2015-07-07
1019	1755	32.99	2016-06-08	2016-06-15
1020	1212	48.44	2016-04-04	2016-04-11
1021	1541	25.68	2016-07-14	2016-07-21
1023	1448	41.35	2016-04-22	2016-04-29
1027	894	70.85	2016-05-17	2016-05-24
1029	1320	56.29	2016-07-13	2016-07-20
1030	936	5.60	2016-06-05	2016-06-12
1033	890	15.96	2016-04-24	2016-05-01
1036	1447	54.45	2015-02-25	2015-03-04
1037	1040	14.81	2016-06-29	2016-07-06
1038	1048	43.84	2016-02-07	2016-02-14
1040	1772	33.62	2016-09-28	2016-10-05
1043	1553	27.08	2015-11-28	2015-12-05
1044	852	28.93	2016-06-30	2016-07-07
1045	544	24.93	2015-01-05	2015-01-12
1046	1638	37.14	2015-04-08	2015-04-15
1048	1346	37.46	2016-06-13	2016-06-20
1051	1625	34.54	2015-01-28	2015-02-04
1056	619	18.50	2016-03-03	2016-03-10
1058	1149	21.47	2016-06-19	2016-06-26
1061	419	12.38	2015-07-17	2015-07-24
1063	505	15.68	2016-01-20	2016-01-27
1068	187	43.24	2016-03-30	2016-04-06
1070	759	20.59	2016-05-12	2016-05-19
1071	885	7.40	2015-10-14	2015-10-21
1072	538	19.95	2015-04-04	2015-04-11
1073	1863	25.56	2016-01-02	2016-01-09
1075	369	36.01	2016-05-19	2016-05-26
1079	1902	37.82	2016-01-17	2016-01-24
1080	1427	40.82	2015-10-03	2015-10-10
1081	917	31.11	2016-01-26	2016-02-02
1088	1050	9.55	2016-04-03	2016-04-10
1089	1718	35.34	2015-08-06	2015-08-13
1090	1314	20.65	2015-01-09	2015-01-16
1091	1633	36.79	2016-02-08	2016-02-15
1093	1363	16.56	2015-01-05	2015-01-12
1094	1246	20.53	2016-01-18	2016-01-25
1096	1590	37.58	2015-07-25	2015-08-01
1100	1256	8.21	2016-07-18	2016-07-25
1104	163	23.05	2015-01-04	2015-01-11
1105	1032	18.40	2016-04-06	2016-04-13
1106	464	63.12	2015-09-08	2015-09-15
1107	1114	63.70	2016-06-02	2016-06-09
1109	1281	14.80	2015-06-01	2015-06-08
1111	320	35.05	2015-05-31	2015-06-07
1113	963	29.43	2015-05-19	2015-05-26
1114	376	102.62	2016-03-11	2016-03-18
1116	1318	11.04	2015-02-19	2015-02-26
1117	263	42.91	2015-01-13	2015-01-20
1118	1070	20.15	2016-09-08	2016-09-15
1120	310	8.13	2016-06-02	2016-06-09
1122	1826	19.80	2015-09-04	2015-09-11
1124	1333	19.79	2015-11-22	2015-11-29
1126	1026	39.38	2015-01-22	2015-01-29
1127	986	18.34	2015-01-08	2015-01-15
1132	108	24.80	2016-01-02	2016-01-09
1134	866	14.11	2015-08-27	2015-09-03
1136	112	25.50	2015-12-03	2015-12-10
1137	312	11.22	2016-01-22	2016-01-29
1139	446	39.85	2016-03-17	2016-03-24
1141	875	48.12	2016-05-26	2016-06-02
1142	186	27.54	2015-01-04	2015-01-11
1143	87	16.66	2016-05-25	2016-06-01
1146	246	12.61	2016-04-26	2016-05-03
1147	1566	26.31	2015-02-22	2015-03-01
1148	350	17.12	2015-05-07	2015-05-14
1151	1966	22.55	2015-07-04	2015-07-11
1153	938	35.90	2015-07-31	2015-08-07
1157	1052	49.23	2016-05-11	2016-05-18
1158	427	61.71	2016-04-11	2016-04-18
1159	1029	18.00	2015-02-28	2015-03-07
1160	581	3.79	2016-08-20	2016-08-27
1163	1473	24.89	2015-09-10	2015-09-17
1165	1379	18.83	2016-01-29	2016-02-05
1167	568	21.43	2016-01-30	2016-02-06
1169	1953	14.24	2015-09-11	2015-09-18
1172	767	17.33	2016-02-25	2016-03-03
1173	265	64.97	2015-08-06	2015-08-13
1174	592	68.86	2015-04-11	2015-04-18
1175	1383	8.85	2015-04-12	2015-04-19
1177	1119	5.00	2015-11-12	2015-11-19
1180	1434	35.45	2015-07-16	2015-07-23
1181	1330	41.33	2016-07-16	2016-07-23
1182	1741	30.78	2016-05-13	2016-05-20
1183	579	25.97	2016-04-22	2016-04-29
1184	1509	23.54	2015-08-07	2015-08-14
1191	296	15.42	2015-09-18	2015-09-25
1192	1924	22.75	2016-04-22	2016-04-29
1195	1691	9.31	2015-06-15	2015-06-22
1196	1218	8.39	2015-05-23	2015-05-30
1198	1662	19.09	2015-01-24	2015-01-31
1199	1364	28.25	2016-04-15	2016-04-22
1200	210	15.51	2015-09-22	2015-09-29
1202	1562	64.83	2015-08-11	2015-08-18
1203	469	25.60	2015-01-31	2015-02-07
1205	1764	16.92	2015-08-31	2015-09-07
1207	1129	7.44	2015-09-21	2015-09-28
1208	1661	68.76	2016-01-15	2016-01-22
1210	1086	36.80	2015-07-09	2015-07-16
1211	1538	46.42	2015-11-18	2015-11-25
1212	1577	34.43	2015-09-29	2015-10-06
1214	1576	32.77	2015-08-26	2015-09-02
1215	360	19.30	2015-08-26	2015-09-02
1216	783	18.15	2015-01-13	2015-01-20
1217	849	3.31	2016-02-20	2016-02-27
1218	1161	24.14	2015-05-04	2015-05-11
1219	489	37.88	2016-04-23	2016-04-30
1221	1326	17.33	2015-04-08	2015-04-15
1222	1572	13.10	2015-10-17	2015-10-24
1226	870	20.26	2015-12-24	2015-12-31
1229	711	9.57	2016-01-23	2016-01-30
1230	1195	36.63	2015-04-18	2015-04-25
1231	1979	17.65	2015-01-19	2015-01-26
1232	1305	5.47	2015-04-11	2015-04-18
1235	650	64.62	2015-06-28	2015-07-05
1236	373	35.41	2015-07-08	2015-07-15
1238	900	10.12	2016-03-22	2016-03-29
1239	828	8.75	2016-03-17	2016-03-24
1240	961	12.90	2015-06-30	2015-07-07
1241	1071	21.60	2015-06-19	2015-06-26
1242	1300	22.90	2015-11-01	2015-11-08
1243	1051	30.19	2015-04-25	2015-05-02
1244	771	8.05	2015-02-12	2015-02-19
1245	259	8.41	2015-03-18	2015-03-25
1246	1885	59.95	2016-09-09	2016-09-16
1247	1828	15.82	2015-08-09	2015-08-16
1248	534	13.12	2015-03-01	2015-03-08
1249	1804	42.76	2015-06-15	2015-06-22
1253	1995	7.54	2015-12-27	2016-01-03
1256	669	13.68	2015-01-19	2015-01-26
1258	1813	58.74	2015-09-12	2015-09-19
1262	1081	8.05	2015-02-05	2015-02-12
1264	284	10.97	2015-02-17	2015-02-24
1266	1837	30.46	2015-05-01	2015-05-08
1267	1938	10.71	2015-03-07	2015-03-14
1268	1613	41.66	2015-03-31	2015-04-07
1269	1354	33.29	2015-08-10	2015-08-17
1270	135	15.12	2015-08-05	2015-08-12
1272	889	49.11	2015-04-27	2015-05-04
1273	459	13.64	2016-09-29	2016-10-06
1275	1971	56.28	2015-12-23	2015-12-30
1277	801	51.06	2015-01-10	2015-01-17
1278	258	18.08	2015-10-20	2015-10-27
1280	1250	20.77	2015-11-25	2015-12-02
1281	55	25.12	2016-09-22	2016-09-29
1284	1517	73.22	2015-05-29	2015-06-05
1286	1178	54.36	2016-01-10	2016-01-17
1287	58	30.47	2015-01-16	2015-01-23
1288	735	38.73	2016-08-12	2016-08-19
1291	606	19.93	2016-08-10	2016-08-17
1293	50	9.56	2016-08-12	2016-08-19
1294	1795	21.23	2016-06-06	2016-06-13
1295	1680	19.43	2015-10-12	2015-10-19
1296	509	7.30	2016-02-20	2016-02-27
1297	1996	13.06	2015-10-09	2015-10-16
1298	922	12.73	2016-02-05	2016-02-12
1299	431	19.16	2016-06-05	2016-06-12
1300	691	11.00	2016-08-31	2016-09-07
1302	1315	48.66	2015-12-31	2016-01-07
1303	658	17.44	2015-07-30	2015-08-06
1306	827	33.56	2016-04-29	2016-05-06
1310	51	22.76	2016-04-14	2016-04-21
1311	791	37.83	2015-02-22	2015-03-01
1312	365	38.65	2016-05-08	2016-05-15
1314	1091	46.53	2016-01-04	2016-01-11
1315	627	13.72	2015-02-08	2015-02-15
1316	63	11.64	2015-09-06	2015-09-13
1317	1635	34.18	2015-03-01	2015-03-08
1318	1183	42.91	2016-02-10	2016-02-17
1320	1585	34.09	2016-02-14	2016-02-21
1321	385	33.99	2015-07-11	2015-07-18
1322	1425	41.48	2015-07-14	2015-07-21
1324	1824	25.14	2016-09-22	2016-09-29
1325	407	24.32	2015-08-16	2015-08-23
1327	654	16.74	2015-11-25	2015-12-02
1331	45	24.72	2015-09-13	2015-09-20
1333	38	9.51	2016-09-24	2016-10-01
1335	562	39.61	2015-08-01	2015-08-08
1336	1203	13.25	2015-09-17	2015-09-24
1340	1731	21.04	2015-06-27	2015-07-04
1341	244	0.57	2016-01-09	2016-01-16
1342	1641	37.80	2015-08-19	2015-08-26
1343	1683	24.19	2015-09-05	2015-09-12
1345	1806	27.15	2016-01-25	2016-02-01
1346	668	28.51	2015-10-01	2015-10-08
1348	1558	16.74	2016-04-20	2016-04-27
1350	1063	31.79	2015-08-22	2015-08-29
1351	452	9.79	2016-09-10	2016-09-17
1352	1362	54.69	2015-12-19	2015-12-26
1354	504	26.37	2016-09-07	2016-09-14
1355	1578	69.39	2016-09-21	2016-09-28
1356	587	25.99	2015-01-27	2015-02-03
1357	1621	10.32	2015-11-25	2015-12-02
1358	548	6.40	2016-03-18	2016-03-25
1359	1480	18.86	2015-03-18	2015-03-25
1361	543	38.47	2016-03-22	2016-03-29
1367	751	5.67	2016-01-31	2016-02-07
1368	958	16.42	2015-08-12	2015-08-19
1369	1540	20.09	2016-09-16	2016-09-23
1374	1989	14.08	2016-06-30	2016-07-07
1379	1518	5.48	2015-02-05	2015-02-12
1383	276	31.50	2016-08-09	2016-08-16
1387	477	32.92	2015-09-14	2015-09-21
1389	496	36.60	2015-05-29	2015-06-05
1390	723	11.52	2015-03-09	2015-03-16
1391	1734	37.72	2016-02-21	2016-02-28
1392	1918	7.34	2016-02-25	2016-03-03
1394	1593	34.66	2015-03-01	2015-03-08
1395	414	17.72	2015-10-09	2015-10-16
1396	688	52.18	2015-02-24	2015-03-03
1399	1950	38.41	2015-03-20	2015-03-27
1401	1470	22.10	2015-07-26	2015-08-02
1402	1069	9.70	2016-05-24	2016-05-31
1406	1475	28.62	2015-10-31	2015-11-07
1410	1767	32.43	2016-07-11	2016-07-18
1411	466	34.51	2016-06-20	2016-06-27
1413	1219	11.90	2016-02-02	2016-02-09
1415	1255	16.43	2015-05-24	2015-05-31
1416	1296	12.12	2016-04-29	2016-05-06
1417	111	21.27	2015-11-16	2015-11-23
1419	1397	15.62	2016-03-21	2016-03-28
1420	1896	14.78	2015-06-18	2015-06-25
1421	1780	8.14	2015-07-29	2015-08-05
1422	253	30.34	2016-03-29	2016-04-05
1426	1217	45.13	2015-01-29	2015-02-05
1429	181	7.66	2016-01-24	2016-01-31
1431	1284	26.14	2016-04-27	2016-05-04
1432	1136	20.16	2015-09-17	2015-09-24
1433	372	16.04	2016-09-15	2016-09-22
1434	1766	12.17	2015-12-11	2015-12-18
1435	792	20.15	2015-03-17	2015-03-24
1437	64	16.82	2015-01-20	2015-01-27
1438	384	21.32	2016-05-29	2016-06-05
1439	1244	25.32	2015-01-27	2015-02-03
1441	216	4.17	2015-02-26	2015-03-05
1442	1877	16.70	2016-09-07	2016-09-14
1444	381	33.58	2016-04-30	2016-05-07
1445	1439	11.52	2016-01-17	2016-01-24
1446	823	19.05	2015-06-26	2015-07-03
1448	1290	50.60	2016-04-14	2016-04-21
1449	1548	30.57	2015-04-10	2015-04-17
1451	221	15.90	2016-06-22	2016-06-29
1453	1005	24.25	2015-09-15	2015-09-22
1455	408	24.47	2015-08-21	2015-08-28
1456	1467	44.08	2016-02-16	2016-02-23
1466	628	32.18	2015-11-01	2015-11-08
1468	1413	23.02	2015-11-26	2015-12-03
1469	1745	44.46	2016-07-04	2016-07-11
1470	1109	11.38	2015-12-08	2015-12-15
1471	165	8.39	2016-02-02	2016-02-09
1472	1502	53.45	2016-03-29	2016-04-05
1473	1575	20.42	2016-03-07	2016-03-14
1474	1312	12.20	2015-07-12	2015-07-19
1475	356	27.00	2015-06-25	2015-07-02
1477	1398	14.92	2015-08-13	2015-08-20
1478	1831	9.36	2016-05-11	2016-05-18
1479	1042	40.48	2016-05-24	2016-05-31
1480	1465	8.91	2016-03-13	2016-03-20
1481	1411	9.72	2015-05-13	2015-05-20
1484	1694	17.80	2015-06-20	2015-06-27
1485	1357	22.02	2016-01-11	2016-01-18
1486	956	43.94	2016-03-25	2016-04-01
1493	416	10.77	2016-05-30	2016-06-06
1495	1440	28.87	2015-04-16	2015-04-23
1497	761	30.75	2015-01-29	2015-02-05
1503	1716	11.09	2016-04-16	2016-04-23
1507	1487	12.36	2016-08-07	2016-08-14
1508	200	8.14	2016-04-03	2016-04-10
1509	1568	8.01	2015-04-18	2015-04-25
1510	1528	26.54	2016-03-23	2016-03-30
1511	1888	36.05	2015-01-01	2015-01-08
1515	1399	10.90	2015-12-06	2015-12-13
1517	1286	19.33	2015-11-21	2015-11-28
1519	657	9.79	2015-07-11	2015-07-18
1520	808	56.59	2015-08-01	2015-08-08
1521	1686	41.58	2015-07-07	2015-07-14
1522	450	23.25	2016-09-25	2016-10-02
1523	1485	19.03	2015-03-21	2015-03-28
1525	897	27.51	2015-06-07	2015-06-14
1526	968	9.29	2016-03-28	2016-04-04
1527	1306	39.41	2015-04-24	2015-05-01
1529	1844	17.67	2016-07-04	2016-07-11
1533	535	13.13	2016-05-27	2016-06-03
1534	1589	26.83	2016-01-03	2016-01-10
1536	1030	29.89	2016-06-25	2016-07-02
1539	1500	21.46	2016-03-15	2016-03-22
1540	457	46.04	2015-07-01	2015-07-08
1541	1639	19.40	2015-09-19	2015-09-26
1542	71	16.27	2016-06-10	2016-06-17
1543	1015	14.90	2015-12-24	2015-12-31
1545	1556	7.38	2016-08-20	2016-08-27
1546	1653	54.32	2015-04-14	2015-04-21
1550	773	36.30	2015-03-01	2015-03-08
1552	1435	43.61	2016-02-07	2016-02-14
1553	1185	38.56	2016-01-03	2016-01-10
1554	1190	16.73	2016-05-23	2016-05-30
1560	31	9.47	2016-05-03	2016-05-10
1562	1337	74.78	2016-07-16	2016-07-23
1563	725	12.11	2015-03-04	2015-03-11
1564	1139	4.68	2015-12-11	2015-12-18
1565	1581	8.39	2016-04-04	2016-04-11
1566	1840	33.42	2015-02-15	2015-02-22
1567	89	31.50	2015-06-06	2015-06-13
1569	545	44.86	2016-09-05	2016-09-12
1573	1799	21.31	2016-09-20	2016-09-27
1574	728	28.13	2016-06-30	2016-07-07
1578	503	41.23	2015-12-17	2015-12-24
1580	847	42.79	2016-09-19	2016-09-26
1581	831	18.44	2015-01-31	2015-02-07
1582	1445	61.66	2015-12-26	2016-01-02
1583	1453	2.90	2015-06-08	2015-06-15
1585	679	8.35	2015-02-21	2015-02-28
1586	1127	10.62	2015-12-17	2015-12-24
1587	1021	10.45	2015-11-23	2015-11-30
1598	1389	8.25	2016-09-28	2016-10-05
1599	443	20.77	2015-07-14	2015-07-21
1600	411	71.88	2015-09-12	2015-09-19
1601	876	45.43	2015-01-16	2015-01-23
1602	955	20.37	2016-07-29	2016-08-05
1604	148	24.47	2016-07-03	2016-07-10
1606	1530	8.42	2015-05-17	2015-05-24
1608	685	54.24	2016-08-17	2016-08-24
1609	1113	12.09	2015-03-17	2015-03-24
1610	124	26.04	2015-11-21	2015-11-28
1615	1609	11.82	2015-10-01	2015-10-08
1617	293	40.02	2015-11-25	2015-12-02
1621	1969	9.66	2016-09-02	2016-09-09
1624	1935	21.69	2015-02-14	2015-02-21
1628	401	37.90	2015-04-02	2015-04-09
1629	1065	8.97	2016-07-23	2016-07-30
1630	458	29.65	2016-05-03	2016-05-10
1631	1068	24.56	2016-03-28	2016-04-04
1632	462	71.50	2016-02-23	2016-03-01
1634	476	6.02	2016-01-01	2016-01-08
1635	1437	39.49	2016-09-10	2016-09-17
1637	1112	24.89	2015-12-09	2015-12-16
1638	529	11.67	2015-09-15	2015-09-22
1640	1679	63.18	2015-12-27	2016-01-03
1641	780	33.80	2016-09-23	2016-09-30
1642	1189	35.03	2015-07-10	2015-07-17
1643	1087	28.46	2015-06-15	2015-06-22
1645	319	5.44	2015-06-03	2015-06-10
1646	896	9.03	2016-03-12	2016-03-19
1651	375	36.13	2016-02-20	2016-02-27
1652	1605	53.20	2015-07-24	2015-07-31
1655	637	23.44	2015-03-16	2015-03-23
1660	17	74.53	2015-08-29	2015-09-05
1661	1457	15.24	2016-03-12	2016-03-19
1662	1671	11.49	2016-09-13	2016-09-20
1663	332	8.38	2015-04-30	2015-05-07
1665	1163	9.67	2016-04-07	2016-04-14
1666	62	21.53	2016-07-02	2016-07-09
1670	1892	30.07	2015-02-14	2015-02-21
1672	7	4.87	2016-03-21	2016-03-28
1673	638	54.59	2015-11-22	2015-11-29
1674	528	20.53	2015-07-05	2015-07-12
1675	1023	65.27	2015-06-08	2015-06-15
1676	1529	26.71	2015-01-29	2015-02-05
1677	620	23.13	2015-12-12	2015-12-19
1679	1542	17.08	2015-02-11	2015-02-18
1680	41	10.75	2015-07-01	2015-07-08
1684	708	18.57	2016-02-16	2016-02-23
1686	193	8.42	2015-11-05	2015-11-12
1688	648	54.72	2016-07-08	2016-07-15
1689	1010	51.98	2016-09-15	2016-09-22
1690	1970	11.92	2015-06-14	2015-06-21
1691	844	29.13	2015-07-26	2015-08-02
1692	1325	10.77	2016-01-15	2016-01-22
1693	1785	22.00	2015-09-26	2015-10-03
1695	741	12.40	2015-12-02	2015-12-09
1696	651	34.55	2016-06-01	2016-06-08
1697	1099	61.46	2015-04-16	2015-04-23
1699	1643	5.32	2015-09-11	2015-09-18
1701	964	35.70	2015-11-01	2015-11-08
1702	1707	18.76	2016-02-03	2016-02-10
1704	742	60.14	2016-05-20	2016-05-27
1705	9	13.66	2015-10-21	2015-10-28
1707	1043	17.11	2016-06-03	2016-06-10
1708	745	9.01	2015-12-08	2015-12-15
1710	1458	9.70	2015-08-06	2015-08-13
1712	841	16.58	2015-12-20	2015-12-27
1714	1422	18.54	2015-02-24	2015-03-03
1716	832	58.51	2015-12-17	2015-12-24
1717	699	12.17	2015-02-13	2015-02-20
1719	1603	24.97	2015-01-31	2015-02-07
1720	1024	32.18	2015-03-17	2015-03-24
1722	1858	34.71	2015-03-14	2015-03-21
4	1319	50.86	2015-12-02	2015-12-09
6	1138	54.52	2015-05-20	2015-05-27
12	1594	27.62	2016-07-13	2016-07-20
13	1752	30.96	2016-06-07	2016-06-14
15	1960	8.44	2016-03-07	2016-03-14
19	1857	7.94	2015-08-17	2015-08-24
21	520	52.66	2015-09-17	2015-09-24
24	1028	25.72	2016-05-16	2016-05-23
26	379	20.88	2015-03-01	2015-03-08
27	1655	14.93	2015-02-15	2015-02-22
30	435	42.62	2015-08-24	2015-08-31
33	175	45.13	2015-02-21	2015-02-28
35	32	7.25	2016-08-17	2016-08-24
38	1369	14.03	2015-08-10	2015-08-17
40	1118	18.64	2015-10-15	2015-10-22
42	1237	9.49	2015-09-23	2015-09-30
45	1978	34.61	2015-09-29	2015-10-06
46	878	17.28	2015-08-02	2015-08-09
49	567	22.50	2015-02-14	2015-02-21
50	1210	35.52	2016-06-26	2016-07-03
54	1925	19.90	2015-08-22	2015-08-29
55	686	27.92	2015-09-02	2015-09-09
56	1510	25.04	2016-08-22	2016-08-29
61	105	14.03	2016-05-29	2016-06-05
62	1940	25.32	2015-06-13	2015-06-20
64	120	38.33	2015-07-22	2015-07-29
68	353	10.86	2015-12-28	2016-01-04
70	1321	32.14	2016-01-26	2016-02-02
75	1879	29.42	2015-07-02	2015-07-09
77	208	27.35	2015-04-26	2015-05-03
78	1832	31.09	2015-08-19	2015-08-26
80	180	18.41	2016-09-20	2016-09-27
83	939	28.82	2016-08-30	2016-09-06
88	142	19.62	2016-05-04	2016-05-11
92	138	34.86	2015-12-21	2015-12-28
94	1640	45.47	2015-01-28	2015-02-04
95	1702	29.38	2015-01-05	2015-01-12
96	1571	22.69	2016-06-09	2016-06-16
99	836	21.38	2015-05-24	2015-05-31
100	81	25.78	2016-08-10	2016-08-17
103	1998	22.21	2015-10-17	2015-10-24
105	204	44.87	2015-07-03	2015-07-10
108	781	21.82	2016-06-12	2016-06-19
109	274	31.79	2015-03-13	2015-03-20
112	342	59.35	2016-03-20	2016-03-27
116	1262	42.95	2016-07-22	2016-07-29
117	883	20.72	2015-06-29	2015-07-06
122	245	11.56	2015-03-27	2015-04-03
123	586	10.97	2015-06-08	2015-06-15
125	1512	33.82	2015-01-26	2015-02-02
126	309	84.14	2016-02-02	2016-02-09
127	834	41.89	2015-06-20	2015-06-27
128	122	26.33	2015-04-13	2015-04-20
129	1860	11.52	2015-01-04	2015-01-11
133	1381	39.86	2016-08-25	2016-09-01
142	1645	34.85	2016-05-18	2016-05-25
143	141	40.07	2016-01-08	2016-01-15
144	1770	97.06	2015-10-25	2015-11-01
154	21	22.06	2016-05-17	2016-05-24
159	1672	37.38	2015-08-20	2015-08-27
160	1020	23.40	2015-10-25	2015-11-01
167	825	118.31	2015-12-17	2015-12-24
168	60	46.03	2016-09-30	2016-10-07
169	1920	22.49	2015-07-27	2015-08-03
172	1240	43.12	2016-03-09	2016-03-16
174	662	22.13	2015-04-09	2015-04-16
177	1811	22.63	2015-09-03	2015-09-10
184	712	17.29	2015-05-23	2015-05-30
188	1299	26.32	2015-12-24	2015-12-31
189	536	5.09	2016-01-28	2016-02-04
195	1459	9.59	2015-11-07	2015-11-14
197	1143	20.74	2016-08-15	2016-08-22
198	750	33.90	2016-02-26	2016-03-04
200	1082	10.02	2015-02-19	2015-02-26
202	223	19.34	2015-07-31	2015-08-07
205	155	44.03	2015-06-21	2015-06-28
210	1216	79.45	2016-06-22	2016-06-29
211	1264	9.19	2016-08-31	2016-09-07
213	1997	58.32	2016-07-31	2016-08-07
214	812	13.96	2015-03-30	2015-04-06
216	1343	36.17	2016-01-29	2016-02-05
220	1073	29.21	2015-05-16	2015-05-23
221	1587	20.93	2015-12-27	2016-01-03
222	323	24.76	2015-02-25	2015-03-04
226	559	97.87	2015-07-22	2015-07-29
227	36	63.28	2016-02-03	2016-02-10
230	494	30.43	2016-05-20	2016-05-27
233	872	18.70	2016-07-07	2016-07-14
234	858	52.74	2015-02-25	2015-03-04
235	1909	29.54	2016-06-20	2016-06-27
236	1929	10.61	2015-11-08	2015-11-15
237	341	58.86	2015-05-14	2015-05-21
238	1626	52.91	2015-02-03	2015-02-10
239	1356	52.49	2016-01-16	2016-01-23
240	1047	35.56	2015-07-27	2015-08-03
241	645	20.56	2015-03-14	2015-03-21
242	1765	15.78	2015-10-25	2015-11-01
243	471	13.99	2015-06-10	2015-06-17
247	1701	13.37	2016-06-28	2016-07-05
248	90	20.28	2016-07-21	2016-07-28
250	1884	69.88	2016-05-30	2016-06-06
256	1735	37.06	2016-07-18	2016-07-25
261	1697	39.82	2015-06-16	2015-06-23
263	724	37.04	2015-01-03	2015-01-10
265	790	70.74	2015-12-12	2015-12-19
266	1904	7.69	2015-02-07	2015-02-14
267	1097	15.76	2016-04-21	2016-04-28
269	733	56.30	2016-07-06	2016-07-13
271	1642	23.95	2015-06-23	2015-06-30
272	1750	65.62	2016-05-12	2016-05-19
274	989	69.46	2016-07-20	2016-07-27
276	1004	29.52	2015-09-21	2015-09-28
277	1253	45.61	2015-12-15	2015-12-22
282	215	41.83	2016-06-28	2016-07-05
284	982	14.04	2016-06-13	2016-06-20
286	1158	16.75	2016-03-12	2016-03-19
287	1000	49.73	2015-04-23	2015-04-30
290	1514	7.16	2016-01-24	2016-01-31
292	84	24.23	2016-06-11	2016-06-18
295	182	28.15	2015-04-04	2015-04-11
298	1698	12.25	2016-04-01	2016-04-08
306	718	8.48	2015-07-23	2015-07-30
307	1667	39.11	2016-01-18	2016-01-25
309	1656	37.76	2016-09-15	2016-09-22
310	797	70.91	2015-09-25	2015-10-02
313	1648	34.78	2015-06-21	2015-06-28
314	1693	23.92	2015-07-17	2015-07-24
317	798	34.19	2015-10-28	2015-11-04
318	28	8.89	2015-01-24	2015-01-31
323	1990	22.14	2015-11-02	2015-11-09
324	1272	19.60	2016-06-03	2016-06-10
327	158	10.78	2015-08-14	2015-08-21
330	930	26.35	2016-03-07	2016-03-14
331	178	27.25	2016-04-03	2016-04-10
337	243	29.96	2015-12-17	2015-12-24
338	867	78.28	2015-06-06	2015-06-13
339	1478	53.76	2015-08-31	2015-09-07
340	1733	23.35	2016-06-12	2016-06-19
341	1776	16.13	2015-01-15	2015-01-22
342	1471	60.60	2016-06-06	2016-06-13
345	1155	13.86	2015-02-07	2015-02-14
346	612	18.07	2016-07-12	2016-07-19
350	863	27.89	2015-03-25	2015-04-01
351	1872	16.58	2016-08-24	2016-08-31
354	224	16.58	2015-09-07	2015-09-14
355	1215	13.51	2015-08-26	2015-09-02
356	1586	23.62	2016-04-22	2016-04-29
361	1201	39.79	2015-09-05	2015-09-12
362	1784	23.77	2015-08-10	2015-08-17
364	1972	41.56	2016-07-24	2016-07-31
365	267	36.73	2015-12-05	2015-12-12
366	1834	22.94	2015-07-12	2015-07-19
367	278	9.68	2015-08-14	2015-08-21
368	1017	12.05	2016-04-19	2016-04-26
370	937	18.06	2015-04-01	2015-04-08
371	1173	71.66	2016-08-04	2016-08-11
372	1438	10.27	2015-09-17	2015-09-24
373	1433	22.75	2015-02-26	2015-03-05
374	1808	70.03	2016-01-21	2016-01-28
376	701	26.75	2015-07-07	2015-07-14
377	1276	24.54	2016-01-26	2016-02-02
380	1958	37.85	2015-06-28	2015-07-05
381	1037	19.32	2016-01-14	2016-01-21
382	1034	16.10	2016-03-13	2016-03-20
383	1561	25.39	2015-03-15	2015-03-22
385	1303	11.14	2016-01-20	2016-01-27
388	295	41.94	2015-07-02	2015-07-09
389	1188	27.54	2016-06-25	2016-07-02
391	618	35.89	2015-06-18	2015-06-25
393	1523	10.69	2015-08-22	2015-08-29
395	1016	6.85	2016-09-21	2016-09-28
397	1551	56.54	2015-11-30	2015-12-07
398	334	72.84	2015-07-29	2015-08-05
399	532	10.76	2015-11-30	2015-12-07
401	362	32.06	2016-08-06	2016-08-13
402	1012	71.65	2015-08-09	2015-08-16
404	1302	16.61	2015-05-27	2015-06-03
405	80	41.95	2015-10-24	2015-10-31
406	695	54.31	2016-04-04	2016-04-11
408	1111	14.58	2016-07-26	2016-08-02
409	731	72.38	2016-05-29	2016-06-05
410	150	50.47	2016-06-13	2016-06-20
412	1751	12.52	2016-09-11	2016-09-18
414	1491	26.21	2016-01-29	2016-02-05
417	1078	30.66	2015-01-08	2015-01-15
420	1228	61.78	2016-09-03	2016-09-10
423	337	22.87	2015-02-02	2015-02-09
428	1658	77.45	2015-06-20	2015-06-27
431	636	34.64	2016-09-13	2016-09-20
433	34	51.35	2016-02-29	2016-03-07
436	103	34.60	2016-02-07	2016-02-14
441	328	31.37	2015-01-10	2015-01-17
444	1229	14.38	2016-01-29	2016-02-05
445	388	48.96	2015-01-21	2015-01-28
446	213	61.22	2015-05-19	2015-05-26
451	1724	40.93	2015-10-30	2015-11-06
452	1175	12.82	2015-05-26	2015-06-02
453	1294	25.76	2015-05-25	2015-06-01
458	1794	15.00	2016-06-02	2016-06-09
459	88	11.33	2015-12-16	2015-12-23
462	432	53.03	2016-05-04	2016-05-11
471	1910	50.15	2015-04-15	2015-04-22
472	829	14.78	2015-09-07	2015-09-14
474	1654	25.91	2015-07-03	2015-07-10
475	539	10.18	2016-03-02	2016-03-09
476	1773	23.68	2015-01-04	2015-01-11
478	1273	16.44	2016-01-15	2016-01-22
482	824	9.89	2015-04-07	2015-04-14
485	1466	86.16	2016-03-15	2016-03-22
486	1833	27.65	2016-02-16	2016-02-23
487	390	46.62	2016-01-02	2016-01-09
488	1442	25.58	2015-01-03	2015-01-10
490	813	18.29	2015-07-11	2015-07-18
491	625	18.07	2015-05-12	2015-05-19
493	222	8.74	2016-02-02	2016-02-09
494	716	42.76	2015-07-08	2015-07-15
495	92	33.28	2016-03-09	2016-03-16
497	981	61.10	2015-04-29	2015-05-06
499	1079	45.43	2015-05-15	2015-05-22
500	54	21.24	2015-02-05	2015-02-12
503	762	17.76	2016-04-18	2016-04-25
507	1196	11.15	2015-10-05	2015-10-12
508	297	16.46	2015-09-08	2015-09-15
509	979	7.46	2016-06-16	2016-06-23
510	306	4.03	2015-08-06	2015-08-13
511	926	33.62	2015-06-05	2015-06-12
512	1423	83.94	2016-05-22	2016-05-29
515	1225	25.86	2015-01-07	2015-01-14
517	273	41.35	2015-12-29	2016-01-05
521	822	69.16	2015-06-30	2015-07-07
522	1668	11.72	2016-09-20	2016-09-27
527	428	22.09	2015-01-07	2015-01-14
528	1623	15.52	2015-06-26	2015-07-03
529	1615	42.59	2015-08-09	2015-08-16
533	680	24.43	2015-12-05	2015-12-12
534	1513	13.60	2015-07-09	2015-07-16
535	502	13.99	2016-03-10	2016-03-17
542	1132	33.64	2015-06-01	2015-06-08
546	763	14.20	2016-07-04	2016-07-11
547	1559	31.54	2016-02-21	2016-02-28
555	1100	35.10	2016-02-24	2016-03-02
558	1479	56.87	2015-12-10	2015-12-17
559	1569	54.95	2015-12-10	2015-12-17
562	1153	23.93	2015-12-22	2015-12-29
563	1214	61.51	2015-07-14	2015-07-21
565	1710	50.41	2016-03-07	2016-03-14
567	1709	46.02	2015-04-02	2015-04-09
569	29	15.56	2015-12-08	2015-12-15
571	809	28.42	2016-03-05	2016-03-12
573	1251	30.44	2016-08-25	2016-09-01
576	114	15.29	2016-06-13	2016-06-20
577	518	14.88	2015-11-01	2015-11-08
580	1417	8.28	2015-09-02	2015-09-09
582	1239	71.54	2016-07-09	2016-07-16
584	1534	11.41	2015-11-09	2015-11-16
585	659	68.23	2015-06-08	2015-06-15
587	1769	32.84	2015-03-04	2015-03-11
589	560	28.34	2015-08-03	2015-08-10
596	1428	17.68	2016-04-14	2016-04-21
597	1757	54.92	2016-07-30	2016-08-06
599	1835	52.24	2015-01-05	2015-01-12
602	999	38.81	2015-06-18	2015-06-25
605	1944	15.31	2016-02-20	2016-02-27
607	1539	85.06	2016-01-06	2016-01-13
610	838	17.39	2015-08-11	2015-08-18
612	1177	15.97	2015-11-09	2015-11-16
613	760	45.59	2015-11-06	2015-11-13
614	1151	50.84	2015-02-16	2015-02-23
615	1533	35.99	2016-06-16	2016-06-23
617	772	15.28	2016-09-08	2016-09-15
622	1946	57.10	2015-05-19	2015-05-26
624	1744	38.34	2016-07-02	2016-07-09
625	260	16.10	2015-12-11	2015-12-18
626	8	68.14	2016-06-27	2016-07-04
628	448	36.60	2016-08-01	2016-08-08
629	1295	21.61	2016-07-29	2016-08-05
630	1637	23.75	2016-05-08	2016-05-15
631	1181	15.79	2016-09-27	2016-10-04
634	644	13.46	2015-01-31	2015-02-07
637	1128	16.38	2016-02-28	2016-03-06
639	775	11.72	2016-02-25	2016-03-03
640	837	24.66	2015-05-05	2015-05-12
641	1349	27.60	2015-10-10	2015-10-17
642	1883	18.07	2016-07-05	2016-07-12
644	1494	9.73	2016-04-29	2016-05-06
646	254	17.53	2016-07-08	2016-07-15
647	854	6.89	2015-01-04	2015-01-11
651	954	19.12	2016-02-25	2016-03-03
654	1324	11.75	2016-07-19	2016-07-26
656	454	54.11	2015-07-18	2015-07-25
658	1737	15.96	2015-03-22	2015-03-29
663	1715	39.65	2016-07-10	2016-07-17
664	1197	61.90	2015-08-29	2015-09-05
667	168	22.48	2015-01-29	2015-02-05
668	203	12.67	2015-02-16	2015-02-23
671	1721	20.26	2015-02-09	2015-02-16
675	82	49.20	2016-05-23	2016-05-30
676	1340	22.76	2015-01-17	2015-01-24
677	1727	24.14	2015-05-30	2015-06-06
678	1130	50.03	2016-09-11	2016-09-18
680	1441	32.89	2015-02-16	2015-02-23
681	1986	95.22	2015-11-14	2015-11-21
684	1862	17.58	2015-01-20	2015-01-27
685	1248	9.66	2016-01-14	2016-01-21
687	1424	11.80	2015-04-13	2015-04-20
702	1382	6.80	2016-06-08	2016-06-15
703	1370	24.67	2015-03-28	2015-04-04
707	1377	30.13	2015-03-02	2015-03-09
709	1796	22.61	2016-06-14	2016-06-21
713	706	37.90	2015-08-19	2015-08-26
714	305	25.90	2016-04-30	2016-05-07
716	1917	21.43	2016-06-16	2016-06-23
724	599	21.31	2015-12-22	2015-12-29
727	1748	31.78	2015-08-28	2015-09-04
729	102	23.62	2015-03-18	2015-03-25
732	736	22.30	2015-11-19	2015-11-26
735	308	41.87	2016-03-22	2016-03-29
736	517	20.98	2015-06-12	2015-06-19
737	345	143.32	2016-03-23	2016-03-30
739	1293	60.94	2015-11-02	2015-11-09
740	358	41.35	2016-01-03	2016-01-10
741	347	10.84	2016-01-08	2016-01-15
742	1018	51.60	2016-04-05	2016-04-12
745	913	52.37	2016-09-13	2016-09-20
746	727	42.16	2015-04-06	2015-04-13
748	336	6.95	2016-05-03	2016-05-10
751	1368	7.43	2016-02-03	2016-02-10
757	191	10.74	2015-03-02	2015-03-09
758	1607	20.69	2016-01-05	2016-01-12
760	546	65.35	2015-01-26	2015-02-02
765	778	150.29	2016-09-21	2016-09-28
767	670	51.37	2015-05-03	2015-05-10
768	1809	16.04	2016-06-05	2016-06-12
770	1730	22.99	2015-06-18	2015-06-25
771	83	7.44	2016-08-24	2016-08-31
772	1008	85.70	2015-08-30	2015-09-06
773	1723	22.92	2016-06-23	2016-06-30
775	1180	12.18	2016-05-05	2016-05-12
776	531	39.38	2015-02-08	2015-02-15
778	1816	21.05	2015-10-26	2015-11-02
782	707	50.64	2016-05-12	2016-05-19
783	802	12.34	2016-07-30	2016-08-06
784	1592	30.79	2015-01-15	2015-01-22
785	1866	19.32	2015-06-11	2015-06-18
787	311	13.39	2015-07-06	2015-07-13
792	1328	34.70	2015-05-05	2015-05-12
794	996	7.07	2015-09-14	2015-09-21
798	440	19.01	2015-03-07	2015-03-14
800	463	3.97	2016-08-09	2016-08-16
803	19	42.04	2015-07-20	2015-07-27
804	1358	12.34	2016-04-20	2016-04-27
805	845	35.16	2016-05-18	2016-05-25
807	1117	27.76	2016-07-17	2016-07-24
808	1384	12.84	2016-01-10	2016-01-17
811	1223	40.08	2016-04-27	2016-05-04
813	106	11.80	2015-04-16	2015-04-23
815	482	8.62	2016-07-21	2016-07-28
816	1488	37.60	2015-04-18	2015-04-25
818	1624	64.80	2016-06-20	2016-06-27
821	1140	63.17	2016-03-14	2016-03-21
823	1747	11.00	2015-04-09	2015-04-16
825	1601	45.66	2015-09-16	2015-09-23
826	1555	93.83	2016-06-09	2016-06-16
827	170	31.04	2015-07-11	2015-07-18
828	757	44.95	2016-09-20	2016-09-27
832	948	11.47	2016-09-24	2016-10-01
835	1874	25.25	2015-03-01	2015-03-08
836	577	30.23	2015-01-18	2015-01-25
837	1191	5.93	2015-12-28	2016-01-04
840	1035	40.96	2015-09-09	2015-09-16
841	1406	25.03	2016-06-06	2016-06-13
843	367	43.49	2015-09-13	2015-09-20
844	952	13.14	2015-03-29	2015-04-05
845	35	9.02	2015-03-04	2015-03-11
846	511	62.76	2016-06-27	2016-07-04
851	1870	10.63	2015-07-08	2015-07-15
853	197	38.06	2016-09-19	2016-09-26
854	1980	3.60	2015-11-01	2015-11-08
858	786	20.04	2016-01-13	2016-01-20
860	157	46.16	2016-04-29	2016-05-06
861	1131	22.21	2016-05-28	2016-06-04
862	1991	23.18	2016-04-23	2016-04-30
866	1771	45.04	2015-08-20	2015-08-27
867	1309	30.10	2015-02-16	2015-02-23
868	1781	19.10	2015-07-27	2015-08-03
874	359	28.34	2015-12-22	2015-12-29
880	1039	46.03	2015-05-08	2015-05-15
883	154	17.81	2015-02-22	2015-03-01
884	1352	12.89	2015-03-15	2015-03-22
885	794	20.47	2016-02-25	2016-03-03
892	690	14.10	2015-06-18	2015-06-25
893	237	32.38	2016-01-29	2016-02-05
896	1622	35.33	2016-01-21	2016-01-28
898	649	63.31	2015-11-20	2015-11-27
900	1819	50.26	2016-01-16	2016-01-23
902	1759	7.25	2016-05-03	2016-05-10
906	1083	19.94	2016-02-02	2016-02-09
907	199	21.01	2016-02-14	2016-02-21
910	1205	16.02	2015-04-18	2015-04-25
911	290	15.00	2016-08-13	2016-08-20
913	364	36.59	2015-05-19	2015-05-26
923	820	34.67	2016-06-03	2016-06-10
926	962	6.50	2015-03-19	2015-03-26
928	371	26.81	2016-04-09	2016-04-16
930	994	29.36	2016-04-30	2016-05-07
932	1681	23.05	2016-06-14	2016-06-21
934	3	62.93	2016-08-25	2016-09-01
936	1952	20.84	2015-05-03	2015-05-10
937	315	12.92	2016-06-01	2016-06-08
940	1933	36.00	2015-10-10	2015-10-17
941	1864	65.71	2016-03-23	2016-03-30
945	137	41.47	2015-09-18	2015-09-25
948	598	11.08	2015-04-04	2015-04-11
949	239	10.13	2016-07-19	2016-07-26
950	1152	8.81	2015-08-25	2015-09-01
951	53	20.88	2016-01-28	2016-02-04
952	734	10.98	2015-04-09	2015-04-16
954	1372	29.23	2016-04-11	2016-04-18
955	30	9.78	2015-05-24	2015-05-31
956	196	56.50	2015-09-07	2015-09-14
962	631	27.52	2015-02-28	2015-03-07
963	1278	11.12	2015-03-13	2015-03-20
965	1606	31.50	2016-09-12	2016-09-19
966	655	15.24	2015-01-10	2015-01-17
968	960	14.88	2015-09-15	2015-09-22
970	588	15.76	2015-10-12	2015-10-19
971	1115	6.00	2015-03-01	2015-03-08
975	1266	14.62	2015-01-23	2015-01-30
977	340	5.66	2016-05-14	2016-05-21
978	1567	35.18	2016-03-07	2016-03-14
979	16	14.00	2015-05-22	2015-05-29
980	1851	26.70	2016-07-08	2016-07-15
981	1204	24.70	2016-02-17	2016-02-24
982	1664	43.37	2015-03-26	2015-04-02
986	1104	13.75	2015-02-11	2015-02-18
989	46	11.46	2016-05-18	2016-05-25
990	109	80.51	2016-08-10	2016-08-17
991	79	94.50	2016-05-04	2016-05-11
993	234	13.66	2015-06-19	2015-06-26
996	1271	63.66	2016-04-26	2016-05-03
998	252	38.00	2015-02-10	2015-02-17
1000	1301	11.53	2015-03-01	2015-03-08
1001	1760	21.10	2016-09-05	2016-09-12
1003	493	12.28	2016-09-29	2016-10-06
1004	1889	12.16	2016-03-25	2016-04-01
1005	806	54.61	2015-11-17	2015-11-24
1007	1919	51.98	2015-03-06	2015-03-13
1008	145	38.78	2016-01-08	2016-01-15
1009	821	50.09	2015-11-16	2015-11-23
1013	869	41.63	2015-11-05	2015-11-12
1014	1687	18.98	2015-05-15	2015-05-22
1018	909	25.09	2015-06-04	2015-06-11
1022	1531	20.11	2015-10-09	2015-10-16
1024	171	9.80	2016-08-13	2016-08-20
1025	563	16.75	2015-12-16	2015-12-23
1026	693	48.76	2016-08-12	2016-08-19
1028	1429	14.29	2015-10-28	2015-11-04
1031	1110	9.14	2015-05-24	2015-05-31
1032	1394	58.15	2015-11-15	2015-11-22
1034	932	22.06	2015-12-26	2016-01-02
1035	1001	60.01	2015-07-13	2015-07-20
1039	486	27.41	2015-09-04	2015-09-11
1041	1882	86.65	2015-09-12	2015-09-19
1042	805	15.60	2016-01-09	2016-01-16
1047	133	95.51	2016-05-22	2016-05-29
1049	901	11.76	2015-06-13	2015-06-20
1050	886	10.84	2015-11-17	2015-11-24
1052	229	31.34	2016-03-19	2016-03-26
1053	899	22.99	2015-03-16	2015-03-23
1054	1361	34.88	2015-02-09	2015-02-16
1055	1602	28.46	2015-06-26	2015-07-03
1057	1064	44.33	2016-02-09	2016-02-16
1059	387	38.38	2016-08-31	2016-09-07
1060	1392	34.99	2016-03-31	2016-04-07
1062	468	25.96	2015-10-03	2015-10-10
1064	857	32.22	2016-09-25	2016-10-02
1065	1141	14.42	2016-01-04	2016-01-11
1066	533	26.29	2015-09-17	2015-09-24
1067	1148	19.45	2016-02-01	2016-02-08
1069	973	22.27	2016-01-05	2016-01-12
1074	270	59.89	2016-03-12	2016-03-19
1076	1144	9.16	2015-09-06	2015-09-13
1077	1763	6.00	2016-02-25	2016-03-03
1078	1468	27.36	2015-09-04	2015-09-11
1082	740	17.52	2015-09-14	2015-09-21
1083	73	26.57	2016-02-28	2016-03-06
1084	1947	40.13	2015-01-28	2015-02-04
1085	1617	42.02	2016-01-23	2016-01-30
1086	1807	40.51	2016-07-03	2016-07-10
1087	1199	68.08	2015-03-11	2015-03-18
1092	22	28.36	2015-02-19	2015-02-26
1095	1260	82.52	2016-01-31	2016-02-07
1097	1285	36.50	2016-03-20	2016-03-27
1098	1839	32.87	2016-05-06	2016-05-13
1099	819	42.76	2016-05-29	2016-06-05
1101	561	8.52	2016-02-18	2016-02-25
1102	739	37.15	2016-02-08	2016-02-15
1103	1943	30.98	2015-04-18	2015-04-25
1108	987	28.31	2015-04-25	2015-05-02
1110	1103	89.51	2015-11-10	2015-11-17
1112	434	15.13	2015-08-04	2015-08-11
1115	1670	53.68	2015-05-24	2015-05-31
1119	1085	13.08	2015-09-10	2015-09-17
1121	442	21.46	2016-08-03	2016-08-10
1123	238	45.22	2016-06-01	2016-06-08
1125	425	22.49	2016-09-05	2016-09-12
1128	316	35.45	2015-05-05	2015-05-12
1129	787	9.24	2015-01-05	2015-01-12
1130	1446	32.77	2015-07-22	2015-07-29
1131	508	28.49	2015-11-06	2015-11-13
1133	1535	28.54	2016-01-01	2016-01-08
1135	1915	69.10	2016-01-10	2016-01-17
1138	554	13.57	2015-06-21	2015-06-28
1140	1027	32.41	2016-08-13	2016-08-20
1144	564	44.32	2015-07-20	2015-07-27
1145	704	33.00	2016-03-20	2016-03-27
1149	744	41.40	2016-04-20	2016-04-27
1150	1830	33.48	2015-10-28	2015-11-04
1152	121	13.04	2015-05-22	2015-05-29
1154	565	76.82	2016-02-10	2016-02-17
1155	1235	8.94	2015-10-08	2015-10-15
1156	626	21.23	2015-06-11	2015-06-18
1161	1928	27.67	2015-02-02	2015-02-09
1162	396	56.69	2016-09-22	2016-09-29
1164	1934	41.20	2016-05-26	2016-06-02
1166	850	34.60	2015-12-11	2015-12-18
1168	1074	11.53	2016-01-20	2016-01-27
1170	1236	37.44	2015-08-29	2015-09-05
1171	1489	49.86	2016-08-08	2016-08-15
1176	161	11.68	2016-03-19	2016-03-26
1178	816	25.31	2016-03-02	2016-03-09
1179	1421	27.96	2015-12-01	2015-12-08
1185	26	11.70	2015-08-06	2015-08-13
1186	1521	7.19	2015-08-16	2015-08-23
1187	621	41.50	2015-01-28	2015-02-04
1188	515	38.47	2016-03-10	2016-03-17
1189	1168	10.13	2016-07-25	2016-08-01
1190	1084	7.75	2015-04-01	2015-04-08
1193	972	11.80	2015-11-01	2015-11-08
1194	1061	10.63	2015-04-16	2015-04-23
1197	418	33.12	2015-03-24	2015-03-31
1201	1803	29.84	2016-02-06	2016-02-13
1204	115	44.50	2015-01-16	2015-01-23
1206	1842	15.29	2016-02-08	2016-02-15
1209	1699	52.93	2015-07-13	2015-07-20
1213	61	5.84	2015-05-23	2015-05-30
1220	1460	25.51	2016-07-12	2016-07-19
1223	1126	54.83	2016-09-14	2016-09-21
1224	280	47.82	2015-02-07	2015-02-14
1225	1396	13.58	2015-09-28	2015-10-05
1227	470	30.62	2016-09-16	2016-09-23
1228	465	7.46	2016-05-27	2016-06-03
1233	882	34.50	2016-03-12	2016-03-19
1234	1501	12.38	2015-12-23	2015-12-30
1237	1147	25.18	2015-02-04	2015-02-11
1250	1761	44.21	2015-08-31	2015-09-07
1251	1116	22.52	2015-06-19	2015-06-26
1252	475	46.03	2016-02-03	2016-02-10
1254	1157	37.19	2015-10-04	2015-10-11
1255	710	11.81	2015-11-11	2015-11-18
1257	687	52.57	2016-02-19	2016-02-26
1259	1145	43.56	2016-07-29	2016-08-05
1260	1410	57.04	2015-01-23	2015-01-30
1261	1778	25.00	2015-01-08	2015-01-15
1263	149	29.62	2015-11-09	2015-11-16
1265	1927	53.27	2016-07-14	2016-07-21
1271	1984	13.14	2015-01-14	2015-01-21
1274	1580	13.67	2015-02-24	2015-03-03
1276	357	125.47	2016-01-24	2016-01-31
1279	694	31.16	2016-09-21	2016-09-28
1282	1504	27.08	2015-07-02	2015-07-09
1283	1400	7.43	2015-01-14	2015-01-21
1285	1815	52.52	2015-12-27	2016-01-03
1289	1154	52.64	2016-05-28	2016-06-04
1290	1987	5.99	2015-09-24	2015-10-01
1292	286	45.29	2016-06-26	2016-07-03
1301	134	80.16	2015-10-22	2015-10-29
1304	585	55.57	2015-03-30	2015-04-06
1305	194	30.71	2015-10-01	2015-10-08
1307	1310	16.92	2015-11-21	2015-11-28
1308	438	9.62	2015-06-30	2015-07-07
1309	1289	39.71	2015-02-20	2015-02-27
1313	1525	37.60	2015-12-15	2015-12-22
1319	1080	27.12	2016-08-10	2016-08-17
1323	374	16.85	2016-05-16	2016-05-23
1326	583	29.18	2015-11-26	2015-12-03
1328	72	24.60	2015-02-08	2015-02-15
1329	1171	60.47	2015-11-17	2015-11-24
1330	1703	46.80	2015-04-03	2015-04-10
1332	1297	36.55	2015-03-05	2015-03-12
1334	943	15.59	2016-09-16	2016-09-23
1337	931	13.15	2015-03-06	2015-03-13
1338	1172	13.52	2015-08-13	2015-08-20
1339	1120	21.54	2016-05-29	2016-06-05
1344	1861	62.83	2016-06-26	2016-07-03
1347	1565	64.72	2016-04-16	2016-04-23
1349	912	33.48	2016-05-10	2016-05-17
1353	1092	20.20	2015-09-25	2015-10-02
1360	871	12.16	2015-06-04	2015-06-11
1362	235	8.14	2015-06-28	2015-07-05
1363	37	45.32	2016-01-20	2016-01-27
1364	860	6.66	2015-03-20	2015-03-27
1365	1738	11.42	2016-04-10	2016-04-17
1366	1335	23.60	2015-06-18	2015-06-25
1370	1124	10.49	2015-11-05	2015-11-12
1371	947	8.45	2015-02-24	2015-03-03
1372	307	63.12	2016-06-27	2016-07-04
1373	179	24.84	2016-04-24	2016-05-01
1375	1094	49.86	2016-04-12	2016-04-19
1376	991	34.06	2015-11-12	2015-11-19
1377	1164	10.74	2015-10-18	2015-10-25
1378	1454	34.13	2016-09-16	2016-09-23
1380	566	26.70	2016-03-23	2016-03-30
1381	123	64.84	2016-09-20	2016-09-27
1382	1527	26.03	2015-09-24	2015-10-01
1384	1923	25.66	2015-04-15	2015-04-22
1385	1729	14.42	2015-03-04	2015-03-11
1386	65	33.74	2015-01-21	2015-01-28
1388	1520	11.36	2016-09-15	2016-09-22
1393	1220	11.45	2016-08-10	2016-08-17
1397	1261	8.05	2015-09-13	2015-09-20
1398	830	96.22	2015-08-16	2015-08-23
1400	99	33.85	2015-04-08	2015-04-15
1403	1072	12.02	2015-01-16	2015-01-23
1404	1275	17.28	2015-11-28	2015-12-05
1405	78	55.42	2015-01-10	2015-01-17
1407	990	11.17	2015-05-24	2015-05-31
1408	349	13.49	2016-07-25	2016-08-01
1409	855	49.98	2015-08-20	2015-08-27
1412	653	14.40	2016-07-19	2016-07-26
1414	409	27.97	2016-04-07	2016-04-14
1418	474	31.57	2016-02-02	2016-02-09
1423	1378	15.76	2015-03-06	2015-03-13
1424	1825	10.81	2016-05-17	2016-05-24
1425	139	22.57	2016-03-10	2016-03-17
1427	1041	73.19	2015-11-26	2015-12-03
1428	313	45.68	2015-08-11	2015-08-18
1430	788	46.27	2016-04-16	2016-04-23
1436	1564	16.27	2015-05-04	2015-05-11
1440	683	39.82	2015-03-25	2015-04-01
1443	1743	3.96	2016-01-03	2016-01-10
1447	919	53.78	2015-01-04	2015-01-11
1450	1186	28.03	2015-09-09	2015-09-16
1452	1983	9.70	2015-07-23	2015-07-30
1454	1385	14.88	2015-01-18	2015-01-25
1457	1805	28.80	2015-10-07	2015-10-14
1458	1993	33.02	2016-07-09	2016-07-16
1459	835	27.98	2016-09-14	2016-09-21
1460	249	32.33	2015-02-13	2015-02-20
1461	589	24.01	2015-01-24	2015-01-31
1462	56	33.61	2015-01-22	2015-01-29
1463	177	25.57	2015-01-20	2015-01-27
1464	1726	31.42	2015-11-05	2015-11-12
1465	1365	127.39	2015-02-02	2015-02-09
1467	1496	29.04	2016-06-14	2016-06-21
1476	1762	34.26	2016-09-25	2016-10-02
1482	1206	31.06	2016-07-31	2016-08-07
1483	1452	13.91	2015-11-07	2015-11-14
1487	1134	68.48	2015-02-25	2015-03-04
1488	719	80.14	2016-08-30	2016-09-06
1489	1582	52.97	2016-09-29	2016-10-06
1490	630	92.26	2016-04-11	2016-04-18
1491	1076	72.68	2016-07-23	2016-07-30
1492	642	24.26	2015-06-17	2015-06-24
1494	874	8.52	2015-11-08	2015-11-15
1496	1873	32.10	2016-07-19	2016-07-26
1498	461	25.90	2015-10-30	2015-11-06
1499	1486	15.98	2015-08-06	2015-08-13
1500	1798	26.20	2015-04-02	2015-04-09
1501	1717	14.22	2016-03-16	2016-03-23
1502	1891	21.44	2015-11-20	2015-11-27
1504	288	55.51	2015-05-06	2015-05-13
1505	1787	31.28	2015-04-23	2015-04-30
1506	887	29.00	2016-06-07	2016-06-14
1512	1242	39.32	2015-06-16	2015-06-23
1513	256	9.19	2015-10-31	2015-11-07
1514	892	11.59	2015-12-25	2016-01-01
1516	68	11.39	2016-02-04	2016-02-11
1518	1786	58.12	2015-01-06	2015-01-13
1524	1234	32.40	2015-07-12	2015-07-19
1528	330	23.48	2015-08-09	2015-08-16
1530	1628	53.27	2015-04-02	2015-04-09
1531	1800	46.52	2015-11-25	2015-12-02
1532	1353	65.52	2015-08-20	2015-08-27
1535	1380	10.98	2016-08-31	2016-09-07
1537	192	37.33	2015-04-01	2015-04-08
1538	881	16.31	2016-01-13	2016-01-20
1544	1961	22.25	2016-04-18	2016-04-25
1547	1308	84.62	2015-05-10	2015-05-17
1548	1345	41.77	2016-06-17	2016-06-24
1549	1274	26.52	2016-06-01	2016-06-08
1551	488	37.07	2016-06-05	2016-06-12
1555	1963	6.59	2015-04-28	2015-05-05
1556	768	162.23	2015-10-19	2015-10-26
1557	1006	53.71	2015-04-14	2015-04-21
1558	1669	21.00	2016-02-11	2016-02-18
1559	985	28.28	2016-02-12	2016-02-19
1561	1599	16.08	2015-08-06	2015-08-13
1568	1955	27.88	2016-05-21	2016-05-28
1570	1419	22.04	2016-04-21	2016-04-28
1571	616	25.75	2015-07-30	2015-08-06
1572	1903	60.14	2016-08-29	2016-09-05
1575	355	28.16	2015-10-16	2015-10-23
1576	953	13.82	2015-07-30	2015-08-06
1577	1011	19.62	2015-12-05	2015-12-12
1579	639	21.74	2016-04-28	2016-05-05
1584	605	58.63	2015-11-26	2015-12-03
1588	368	9.84	2015-03-12	2015-03-19
1589	826	65.56	2016-09-02	2016-09-09
1590	601	55.74	2015-06-26	2015-07-03
1591	247	27.02	2015-11-08	2015-11-15
1592	868	41.15	2015-02-11	2015-02-18
1593	499	8.75	2015-04-24	2015-05-01
1594	413	55.21	2016-02-09	2016-02-16
1595	578	49.31	2015-09-23	2015-09-30
1596	1894	23.11	2015-10-01	2015-10-08
1597	992	16.63	2016-09-27	2016-10-04
1603	1268	12.34	2015-07-28	2015-08-04
1605	144	42.96	2016-04-14	2016-04-21
1607	1313	27.22	2015-11-18	2015-11-25
1611	352	24.12	2016-04-19	2016-04-26
1612	914	35.50	2015-11-27	2015-12-04
1613	1477	16.08	2016-03-22	2016-03-29
1614	118	15.94	2016-04-06	2016-04-13
1616	140	25.10	2016-06-01	2016-06-08
1618	975	12.25	2015-11-21	2015-11-28
1619	266	23.17	2015-05-21	2015-05-28
1620	1415	52.80	2016-08-17	2016-08-24
1622	207	48.89	2015-02-19	2015-02-26
1623	576	59.23	2015-09-04	2015-09-11
1625	190	27.37	2015-08-08	2015-08-15
1626	689	32.29	2015-04-30	2015-05-07
1627	1906	58.31	2016-08-25	2016-09-01
1633	1841	41.60	2016-01-14	2016-01-21
1636	1014	29.87	2016-01-04	2016-01-11
1639	398	15.07	2016-04-15	2016-04-22
1644	40	38.58	2016-01-11	2016-01-18
1647	1404	9.37	2015-06-30	2015-07-07
1648	478	22.48	2016-08-04	2016-08-11
1649	510	5.30	2016-07-03	2016-07-10
1650	848	57.06	2016-03-29	2016-04-05
1653	617	46.51	2015-11-24	2015-12-01
1654	289	41.06	2015-03-16	2015-03-23
1656	152	32.53	2015-06-12	2015-06-19
1657	1981	49.70	2016-03-08	2016-03-15
1658	1878	28.72	2015-06-05	2015-06-12
1659	404	110.56	2015-04-22	2015-04-29
1664	1846	14.88	2016-09-23	2016-09-30
1667	361	45.73	2015-05-25	2015-06-01
1668	1146	72.92	2015-12-07	2015-12-14
1669	1102	10.81	2015-05-11	2015-05-18
1671	262	38.72	2015-11-26	2015-12-03
1678	484	19.42	2015-11-09	2015-11-16
1681	729	38.08	2015-04-30	2015-05-07
1682	220	32.95	2016-09-15	2016-09-22
1683	116	33.28	2015-07-19	2015-07-26
1685	329	62.78	2015-02-13	2015-02-20
1687	1227	4.98	2015-10-17	2015-10-24
1694	895	15.60	2016-05-28	2016-06-04
1698	481	30.10	2015-01-12	2015-01-19
1700	1749	43.73	2015-11-15	2015-11-22
1703	677	11.27	2016-09-23	2016-09-30
1706	1166	50.44	2015-11-08	2015-11-15
1709	803	17.15	2015-09-24	2015-10-01
1711	1912	73.61	2015-04-27	2015-05-04
1713	1055	65.87	2016-08-13	2016-08-20
1715	641	24.31	2015-09-14	2015-09-21
1718	1921	58.45	2015-04-18	2015-04-25
1721	264	23.95	2016-01-21	2016-01-28
\.


--
-- Name: invoices_invid_seq; Type: SEQUENCE SET; Schema: public; Owner: ter
--

SELECT pg_catalog.setval('invoices_invid_seq', 1722, true);


--
-- Data for Name: payments; Type: TABLE DATA; Schema: public; Owner: ter
--

COPY payments (payid, tstamp, amount, invid) FROM stdin;
\.


--
-- PostgreSQL database dump complete
--

ANALYZE payments;
ANALYZE invoices;
ANALYZE details;
ANALYZE orders;
ANALYZE products;
ANALYZE customers;
